46201,"890  ","8900000","܂","܂","ɂȂ΂","","s","ȉɌfڂȂꍇ",0,0,0,1,0,0
46201,"890  ","8900054","܂","܂","炽","","s","rc",0,0,1,0,0,0
46201,"89115","8911545","܂","܂","ނ炿傤","","s","L",0,0,0,0,0,0
46201,"89111","8911107","܂","܂","₾傤","","s","Lc",0,0,0,0,0,0
46201,"892  ","8920806","܂","܂","̂傤","","s","rV㒬",0,0,0,0,0,0
46201,"890  ","8900008","܂","܂","","","s","ɕ~",0,0,1,0,0,0
46201,"890  ","8900007","܂","܂","","","s","ɕ~",0,0,1,0,0,0
46201,"89112","8911203","܂","܂","傤(4710-4741A4747-4761-3΂)","","s","ɕ~iSVPO`SVSPASVSV`SVUP|RԒnj",1,0,0,0,0,0
46201,"890  ","8900003","܂","܂","傤(̂)","","s","ɕ~ȋj",1,0,0,0,0,0
46201,"89927","8992701","܂","܂","ɂ傤","","s","ΒJ",0,0,0,0,0,0
46201,"892  ","8920822","܂","܂","݂傤","","s","",0,0,0,0,0,0
46201,"892  ","8920801","܂","܂","Ȃ肿傤","","s","ג",0,0,0,0,0,0
46201,"89112","8911205","܂","܂","ʂ傤","","s","",0,0,0,0,0,0
46201,"89932","8993206","܂","܂","肳傤(1738A1739΂)","","s","iPVRWAPVRXԒnj",1,0,0,0,0,0
46201,"89927","8992706","܂","܂","肳傤(̂)","","s","ȋj",1,0,0,0,0,0
46201,"890  ","8900055","܂","܂","炽傤","","s","rc",0,0,0,0,0,0
46201,"890  ","8900052","܂","܂","̂̂傤","","s","V",0,0,0,0,0,0
46201,"89101","8910112","܂","܂","݂傤","","s","",0,0,0,0,0,0
46201,"890  ","8900073","܂","܂","","","s","Fh",0,0,1,0,0,0
46201,"890  ","8900074","܂","܂","傤","","s","Fh",0,0,0,0,0,0
46201,"892  ","8920876","܂","܂","̂͂炿傤(8322E4)","","s","ViWRQ̂QESj",1,0,0,0,0,0
46201,"89112","8911201","܂","܂","̂͂炿傤(̂)","","s","Vȋj",1,0,0,0,0,0
46201,"892  ","8920817","܂","܂","킿傤","","s","쒬",0,0,0,0,0,0
46201,"890  ","8900021","܂","܂","","","s","",0,0,1,0,0,0
46201,"89112","8911222","܂","܂","̂傤(4784-5118΂)","","s","쒬iSVWS`TPPWԒnj",1,0,0,0,0,0
46201,"890  ","8900022","܂","܂","̂傤(̂)","","s","쒬ȋj",1,0,0,0,0,0
46201,"89101","8910111","܂","܂","΂炿傤","","s","",0,0,0,0,0,0
46201,"89101","8910123","܂","܂","낵ق܂","","s","{",0,0,0,0,0,0
46201,"892  ","8920846","܂","܂","₿傤","","s","",0,0,0,0,0,0
46201,"892  ","8920804","܂","܂","傤","","s","t",0,0,0,0,0,0
46201,"892  ","8920851","܂","܂","݂傤","","s","㗳",0,0,0,0,0,0
46201,"89927","8992703","܂","܂","݂ɂ傤","","s","J",0,0,0,0,0,0
46201,"89101","8910116","܂","܂","݂ӂƂ傤","","s","㕟",0,0,0,0,0,0
46201,"892  ","8920818","܂","܂","݂ق܂","","s","{",0,0,0,0,0,0
46201,"890  ","8900063","܂","܂","","","s","r",0,0,1,0,0,0
46201,"890  ","8900064","܂","܂","܂","","s","rV",0,0,0,0,0,0
46201,"89112","8911275","܂","܂","킩݂傤(3649A3661A3667A3669-4A3671A3672A3","","s","㒬iRUSXARUUPARUUVARUUX|SARUVPARUVQAR",1,0,0,0,0,0
46201,"89112","8911275","܂","܂","674A3701A3704A3723-3A4128A4132A4133A4","","s","UVSARVOPARVOSARVQR|RASPQWASPRQASPRRAS",1,0,0,0,0,0
46201,"89112","8911275","܂","܂","138A4203A4209A4215A4236-1A4238A4241A4","","s","PRWASQORASQOXASQPTASQRU|PASQRWASQSPAS",1,0,0,0,0,0
46201,"89112","8911275","܂","܂","242A4244΂)","","s","QSQASQSSԒnj",1,0,0,0,0,0
46201,"892  ","8920875","܂","܂","킩݂傤(̂)","","s","㒬ȋj",1,0,0,0,0,0
46201,"89111","8911103","܂","܂","킾傤","","s","c",0,0,0,0,0,0
46201,"89102","8910201","܂","܂","ꂹ傤","","s","X",0,0,0,0,0,0
46201,"89102","8910202","܂","܂","Ȃ݂傤傤","","s","",0,0,0,0,0,0
46201,"89102","8910206","܂","܂","ʂ݂傤","","s","",0,0,0,0,0,0
46201,"89102","8910204","܂","܂","ЂƂ炿傤","","s","q",0,0,0,0,0,0
46201,"89102","8910205","܂","܂","܂̂͂܂傤","","s","OVl",0,0,0,0,0,0
46201,"89102","8910203","܂","܂","ꂿ傤","","s","",0,0,0,0,0,0
46201,"89101","8910107","܂","܂","ڂ傤","","s","]u",0,0,0,0,0,0
46201,"89101","8910145","܂","܂","񂱂","","s","э]",0,0,1,0,0,0
46201,"892  ","8920836","܂","܂","񂱂傤","","s","э]",0,0,0,0,0,0
46201,"892  ","8920828","܂","܂","񂹂傤","","s","",0,0,0,0,0,0
46201,"892  ","8920803","܂","܂","̂傤","","s","_VF",0,0,0,0,0,0
46201,"89115","8911501","܂","܂","납݂傤(͂̂)","","s","_id̖؂Jj",1,0,0,0,0,0
46201,"89114","8911401","܂","܂","납݂傤(̂)","","s","_ȋj",1,0,0,0,0,0
46201,"89112","8911204","܂","܂","̂Ђ肪","","s","Ԗu",0,0,1,0,0,0
46201,"892  ","8920837","܂","܂","傤","","s","b˒",0,0,0,0,0,0
46201,"89101","8910103","܂","܂","Ƃ","","s","c",0,0,1,0,0,0
46201,"89114","8911402","܂","܂","߂񂿂傤","","s","ƒ",0,0,0,0,0,0
46201,"890  ","8900051","܂","܂","炢傤","","s","풬",0,0,0,0,0,0
46201,"890  ","8900065","܂","܂","","","s","S",0,0,1,0,0,0
46201,"890  ","8900084","܂","܂","Ƃ傤","","s","S",0,0,0,0,0,0
46201,"89111","8911108","܂","܂","܂܂","","s","SRx",0,0,0,0,0,0
46201,"89111","8911105","܂","܂","܂傤","","s","SR",0,0,0,0,0,0
46201,"89101","8910101","܂","܂","ׂՂ傤","","s","܂ʕ{",0,0,0,0,0,0
46201,"892  ","8920826","܂","܂","ӂ܂","","s","",0,0,0,0,0,0
46201,"89101","8910114","܂","܂","܂΂","","s","",0,0,1,0,0,0
46201,"89925","8992531","܂","܂","܂傤(5199A5200A5205΂)","","s","RciTPXXATQOOATQOTԒnj",1,0,0,0,0,0
46201,"89112","8911231","܂","܂","܂傤(̂)","","s","Rcȋj",1,0,0,0,0,0
46201,"892  ","8920862","܂","܂","Ƃ傤","","s","⌳",0,0,0,0,0,0
46201,"89101","8910175","܂","܂","炪(1-6傤)","","s","uiP`Uځj",1,0,1,0,0,0
46201,"890  ","8900075","܂","܂","炪(7A8傤)","","s","uiVAWځj",1,0,1,0,0,0
46201,"89114","8911420","܂","܂","炶܂݂傤","","s","Ԑ",0,0,0,0,0,0
46201,"89114","8911417","܂","܂","炶܂΂邿傤","","s","Ԑ",0,0,0,0,0,0
46201,"89114","8911418","܂","܂","炶܂傤","","s","r",0,0,0,0,0,0
46201,"89114","8911414","܂","܂","炶܂ǂ傤","","s","",0,0,0,0,0,0
46201,"89114","8911411","܂","܂","炶܂͂܂傤","","s","l",0,0,0,0,0,0
46201,"89114","8911416","܂","܂","炶܂傤","","s","",0,0,0,0,0,0
46201,"89114","8911415","܂","܂","炶܂ӂ̂傤","","s","쒬",0,0,0,0,0,0
46201,"89114","8911412","܂","܂","炶܂ӂ܂傤","","s","񖓒",0,0,0,0,0,0
46201,"89114","8911413","܂","܂","炶܂܂炿傤","","s","Y",0,0,0,0,0,0
46201,"89114","8911419","܂","܂","炶܂悱܂傤","","s","R",0,0,0,0,0,0
46201,"890  ","8900071","܂","܂","킿傤","","s","Oa",0,0,0,0,0,0
46201,"89101","8910146","܂","܂","񂶂傤","","s","᎛",0,0,0,0,0,0
46201,"892  ","8920802","܂","܂","݂傤","","s","",0,0,0,0,0,0
46201,"890  ","8900056","܂","܂","炽","","s","rc",0,0,1,0,0,0
46201,"890  ","8900005","܂","܂","","","s","ɕ~",0,0,1,0,0,0
46201,"890  ","8900004","܂","܂","傤","","s","ɕ~",0,0,0,0,0,0
46201,"892  ","8920873","܂","܂","傤","","s","c",0,0,0,0,0,0
46201,"892  ","8920852","܂","܂","傤","","s","",0,0,0,0,0,0
46201,"89101","8910144","܂","܂","ӂƂ傤","","s","",0,0,0,0,0,0
46201,"89101","8910106","܂","܂","䂤","","s","Ru",0,0,1,0,0,0
46201,"890  ","8900041","܂","܂","傤","","s","鐼",0,0,1,0,0,0
46201,"892  ","8920835","܂","܂","傤Ȃ񂿂傤","","s","쒬",0,0,0,0,0,0
46201,"89927","8992707","܂","܂","傤悤傤","","s","z䒬",0,0,0,0,0,0
46201,"890  ","8900013","܂","܂","(1傤)","","s","RiPځj",1,0,1,0,0,0
46201,"892  ","8920813","܂","܂","(2傤)","","s","RiQځj",1,0,1,0,0,0
46201,"892  ","8920853","܂","܂","܂傤","","s","R",0,0,0,0,0,0
46201,"890  ","8900072","܂","܂","񂦂傤","","s","Vh",0,0,0,0,0,0
46201,"89114","8911403","܂","܂","񂶂܂傤","","s","V",0,0,0,0,0,0
46201,"890  ","8900016","܂","܂","񂵂傤񂿂傤","","s","VƉ@",0,0,0,0,0,0
46201,"892  ","8920832","܂","܂","܂","","s","V",0,0,0,0,0,0
46201,"892  ","8920838","܂","܂","₵傤","","s","V~",0,0,0,0,0,0
46201,"892  ","8920823","܂","܂","݂悵傤","","s","Zg",0,0,0,0,0,0
46201,"890  ","8900032","܂","܂","傤","","s","",0,0,1,0,0,0
46201,"89101","8910109","܂","܂","","","s","a",0,0,1,0,0,0
46201,"892  ","8920843","܂","܂","ɂ傤","","s","",0,0,0,0,0,0
46201,"890  ","8900001","܂","܂","˂","","s","N",0,0,1,0,0,0
46201,"890  ","8900014","܂","܂","ނ","","s","c",0,0,1,0,0,0
46201,"890  ","8900015","܂","܂","ނ傤","","s","c",0,0,0,0,0,0
46201,"892  ","8920825","܂","܂","傤","","s","单",0,0,0,0,0,0
46201,"892  ","8920872","܂","܂","݂傤","","s","喾u",0,0,1,0,0,0
46201,"892  ","8920805","܂","܂","イ傤","","s","嗳",0,0,0,0,0,0
46201,"890  ","8900043","܂","܂","","","s","t",0,0,1,0,0,0
46201,"890  ","8900034","܂","܂","","","s","c",0,0,1,0,0,0
46201,"890  ","8900036","܂","܂","݂","","s","c",0,0,1,0,0,0
46201,"890  ","8900035","܂","܂","݂傤","","s","c㒬",0,0,0,0,0,0
46201,"890  ","8900045","܂","܂","","","s","",0,0,1,0,0,0
46201,"890  ","8900031","܂","܂","","","s","",0,0,1,0,0,0
46201,"89101","8910131","܂","܂","ɂ܂","","s","JR`",0,0,1,0,0,0
46201,"89101","8910121","܂","܂","ɂ܂₿傤","","s","JR",0,0,0,0,0,0
46201,"89101","8910141","܂","܂","ɂ܂イ","","s","JR",0,0,1,0,0,0
46201,"890  ","8900011","܂","܂","܂Ƃ(1傤)","","s","ʗcniPځj",1,0,1,0,0,0
46201,"892  ","8920811","܂","܂","܂Ƃ(2A3傤)","","s","ʗcniQARځj",1,0,1,0,0,0
46201,"890  ","8900012","܂","܂","܂Ƃ傤","","s","ʗ",0,0,0,0,0,0
46201,"890  ","8900053","܂","܂","イ傤","","s","",0,0,0,0,0,0
46201,"89101","8910108","܂","܂","イ","","s","R",0,0,1,0,0,0
46201,"89101","8910105","܂","܂","イ񂿂傤","","s","R",0,0,0,0,0,0
46201,"892  ","8920807","܂","܂","Â݂킿傤","","s","ꉐ쒬",0,0,0,0,0,0
46201,"892  ","8920845","܂","܂","Ă̂傤","","s","V",0,0,0,0,0,0
46201,"892  ","8920841","܂","܂","Ă邭ɂ傤","","s","ƍ",0,0,0,0,0,0
46201,"890  ","8900061","܂","܂","Ăۂ񂿂傤","","s","VێR",0,0,0,0,0,0
46201,"89101","8910115","܂","܂","Ƃ傤","","s","J",0,0,0,0,0,0
46201,"890  ","8900044","܂","܂","Ƃ킿傤","","s","Ւ",0,0,0,0,0,0
46201,"890  ","8900081","܂","܂","Ƃ","","s","",0,0,1,0,0,0
46201,"89927","8992705","܂","܂","Ȃ傤","","s","ؒ",0,0,0,0,0,0
46201,"892  ","8920827","܂","܂","Ȃ܂","","s","",0,0,0,0,0,0
46201,"892  ","8920854","܂","܂","Ȃ傤","","s","c",0,0,0,0,0,0
46201,"890  ","8900023","܂","܂","Ȃ悵","","s","ig",0,0,1,0,0,0
46201,"89101","8910132","܂","܂","ȂȂ","","s","",0,0,1,0,0,0
46201,"89101","8910122","܂","܂","Ȃ񂦂","","s","h",0,0,1,0,0,0
46201,"892  ","8920834","܂","܂","Ȃ񂶂傤","","s","ю",0,0,0,0,0,0
46201,"890  ","8900002","܂","܂","ɂ(1-4傤)","","s","ɕ~iP`Sځj",1,0,1,0,0,0
46201,"89112","8911202","܂","܂","ɂ(5-7傤)","","s","ɕ~iT`Vځj",1,0,1,0,0,0
46201,"892  ","8920863","܂","܂","ɂƂ傤","","s","⌳",0,0,0,0,0,0
46201,"89113","8911301","܂","܂","ɂ傤","","s","",0,0,0,0,0,0
46201,"892  ","8920847","܂","܂","ɂ񂲂傤","","s","Β",0,0,0,0,0,0
46201,"890  ","8900046","܂","܂","ɂ","","s","c",0,0,1,0,0,0
46201,"890  ","8900033","܂","܂","ɂׂՂ傤","","s","ʕ{",0,0,0,0,0,0
46201,"89111","8911106","܂","܂","ɂ܂傤","","s","",0,0,0,0,0,0
46201,"890  ","8900083","܂","܂","ɂނ炳΂邿傤","","s","",0,0,0,0,0,0
46201,"89115","8911541","܂","܂","̂肿傤","","s","K",0,0,0,0,0,0
46201,"89111","8911101","܂","܂","͂Ȃ܂","","s","Ԕ",0,0,0,0,0,0
46201,"892  ","8920812","܂","܂","͂܂܂","","s","l",0,0,0,0,0,0
46201,"890  ","8900025","܂","܂","͂炿傤","","s","ǒ",0,0,0,0,0,0
46201,"89927","8992704","܂","܂","͂܂傤","","s","tR",0,0,0,0,0,0
46201,"890  ","8900068","܂","܂","ЂƂ傤","","s","S",0,0,0,0,0,0
46201,"892  ","8920861","܂","܂","Ђ","","s","⌳",0,0,1,0,0,0
46201,"89115","8911543","܂","܂","Ђ炶܂傤","","s","",0,0,0,0,0,0
46201,"89113","8911302","܂","܂","Ђ傤","","s","",0,0,0,0,0,0
46201,"892  ","8920842","܂","܂","Ђ񂲂傤","","s","Β",0,0,0,0,0,0
46201,"89101","8910113","܂","܂","Ђɂ","","s","JR",0,0,1,0,0,0
46201,"89111","8911102","܂","܂","Ђ܂傤","","s","",0,0,0,0,0,0
46201,"890  ","8900086","܂","܂","Ђ̂ł傤","","s","Vo",0,0,0,0,0,0
46201,"892  ","8920855","܂","܂","Ђ݂傤","","s","␅",0,0,0,0,0,0
46201,"89101","8910133","܂","܂","Ђ炩킿傤","","s","쒬",0,0,0,0,0,0
46201,"89927","8992709","܂","܂","Ђ炽傤","","s","c",0,0,0,0,0,0
46201,"892  ","8920848","܂","܂","Ђ̂傤","","s","V",0,0,0,0,0,0
46201,"892  ","8920831","܂","܂","ӂȂ傤","","s","DÒ",0,0,0,0,0,0
46201,"89927","8992702","܂","܂","ӂ܂傤","","s","R",0,0,0,0,0,0
46201,"89115","8911544","܂","܂","ӂ邳Ƃ傤","","s","×",0,0,0,0,0,0
46201,"89101","8910102","܂","܂","ق݂","","s","",0,0,1,0,0,0
46201,"892  ","8920824","܂","܂","ق肦傤","","s","x]",0,0,0,0,0,0
46201,"892  ","8920814","܂","܂","ق񂱂܂","","s","{`V",0,0,0,0,0,0
46201,"89113","8911303","܂","܂","ق񂶂傤傤","","s","{钬",0,0,0,0,0,0
46201,"89113","8911304","܂","܂","ق݂傤傤","","s","{",0,0,0,0,0,0
46201,"890  ","8900066","܂","܂","܂傤","","s","^",0,0,0,0,0,0
46201,"890  ","8900067","܂","܂","܂ق܂","","s","^{",0,0,0,0,0,0
46201,"892  ","8920833","܂","܂","܂΂炿傤","","s","",0,0,0,0,0,0
46201,"892  ","8920874","܂","܂","݂ǂ肪傤(1-34΂)","","s","΂uiP`RSԒnj",1,0,0,0,0,0
46201,"89112","8911274","܂","܂","݂ǂ肪傤(35΂񂿂)","","s","΂uiRTԒnȍ~j",1,0,0,0,0,0
46201,"890  ","8900069","܂","܂","݂Ȃ݂Ƃ傤","","s","S",0,0,0,0,0,0
46201,"890  ","8900085","܂","܂","݂Ȃ݂܂","","s","V",0,0,0,0,0,0
46201,"89112","8911206","܂","܂","݂Ȃ悵傤","","s","F^u",0,0,0,0,0,0
46201,"89113","8911305","܂","܂","݂̂炿傤","","s","{VY",0,0,0,0,0,0
46201,"890  ","8900082","܂","܂","ނ炳΂","","s","",0,0,1,0,0,0
46201,"89113","8911306","܂","܂","ނꂪ","","s","牪",0,0,1,0,0,0
46201,"892  ","8920821","܂","܂","߂񂿂傤","","s","R",0,0,0,0,0,0
46201,"890  ","8900024","܂","܂","߂","","s","a",0,0,1,0,0,0
46201,"89115","8911542","܂","܂","傤","","s","ؒ",0,0,0,0,0,0
46201,"890  ","8900042","܂","܂","₭","","s","t",0,0,1,0,0,0
46201,"892  ","8920815","܂","܂","₷傤","","s","Ջ",0,0,0,0,0,0
46201,"892  ","8920819","܂","܂","Ȃ܂","","s","",0,0,0,0,0,0
46201,"892  ","8920816","܂","܂","܂傤","","s","R",0,0,0,0,0,0
46201,"89101","8910104","܂","܂","܂傤","","s","Rc",0,0,0,0,0,0
46201,"892  ","8920844","܂","܂","܂̂傤","","s","RV",0,0,0,0,0,0
46201,"89111","8911104","܂","܂","䂷傤","","s","{ؒ",0,0,0,0,0,0
46201,"892  ","8920871","܂","܂","悵̂傤","","s","g쒬",0,0,0,0,0,0
46201,"890  ","8900062","܂","܂","悶낤","","s","^Y",0,0,1,0,0,0
46201,"89927","8992708","܂","܂","Ƃ傤","","s","l",0,0,0,0,0,0
46201,"890  ","8900006","܂","܂","킩΂傤","","s","t",0,0,0,0,0,0
46201,"89101","8910143","܂","܂","킾","","s","ac",0,0,1,0,0,0
46201,"89101","8910142","܂","܂","킾傤","","s","ac",0,0,0,0,0,0
46203,"893  ","8930000","܂","̂₵","ɂȂ΂","","s","ȉɌfڂȂꍇ",0,0,0,0,0,0
46203,"89311","8931101","܂","̂₵","炿傤݂݂傤","","s","ᕽ㖼",0,0,0,0,0,0
46203,"89311","8931102","܂","̂₵","炿傤݂傤","","s","ᕽ",0,0,0,0,0,0
46203,"89311","8931103","܂","̂₵","炿傤ӂ","","s","ᕽ[",0,0,0,0,0,0
46203,"893  ","8930022","܂","̂₵","Ђ΂邿傤","","s","",0,0,0,0,0,0
46203,"893  ","8930004","܂","̂₵","Ђ܂","","s","",0,0,0,0,0,0
46203,"89123","8912301","܂","̂₵","肽傤","","s","L",0,0,0,0,0,0
46203,"893  ","8930035","܂","̂₵","܂傤","","s","ьG",0,0,0,0,0,0
46203,"893  ","8930042","܂","̂₵","̂傤","","s","r",0,0,0,0,0,0
46203,"893  ","8930057","܂","̂₵","܂傤","","s","⒬",0,0,0,0,0,0
46203,"893  ","8930056","܂","̂₵","̂傤","","s","쒬",0,0,0,0,0,0
46203,"893  ","8930011","܂","̂₵","","","s","Ŕn",0,0,1,0,0,0
46203,"893  ","8930012","܂","̂₵","傤","","s","q",0,0,0,0,0,0
46203,"893  ","8930051","܂","̂₵","炿傤","","s","刦ǒ",0,0,0,0,0,0
46203,"893  ","8930067","܂","̂₵","炿傤","","s","Y",0,0,0,0,0,0
46203,"893  ","8930009","܂","̂₵","Ă܂","","s","蒬",0,0,0,0,0,0
46203,"89123","8912302","܂","̂₵","傤","","s","",0,0,0,0,0,0
46203,"89123","8912312","܂","̂₵","̂΂邿傤","","s","쌴",0,0,0,0,0,0
46203,"89123","8912303","܂","̂₵","ǂ傤","","s","C",0,0,0,0,0,0
46203,"893  ","8930023","܂","̂₵","̂͂炿傤","","s","}V",0,0,0,0,0,0
46203,"89301","8930131","܂","̂₵","݂܂傤","","s","㍂G",0,0,0,0,0,0
46203,"893  ","8930061","܂","̂₵","݂ɂ傤","","s","J",0,0,0,0,0,0
46203,"893  ","8930027","܂","̂₵","݂͂炢킿傤","","s","P쒬",0,0,0,0,0,0
46203,"893  ","8930032","܂","̂₵","ɂ傤","","s","쐼",0,0,0,0,0,0
46203,"893  ","8930031","܂","̂₵","Ђ傤","","s","쓌",0,0,0,0,0,0
46203,"893  ","8930007","܂","̂₵","傤","","s","kc",0,0,0,0,0,0
46203,"89985","8998511","܂","̂₵","ق傤Ȃ","","s","Pks",0,0,0,0,0,0
46203,"89302","8930201","܂","̂₵","ق傤݂т","","s","PkS",0,0,0,0,0,0
46203,"89302","8930202","܂","̂₵","ق傤т","","s","PkS",0,0,0,0,0,0
46203,"89985","8998512","܂","̂₵","ق傤΂","","s","PkzK",0,0,0,0,0,0
46203,"89302","8930203","܂","̂₵","ق傤Ђڂ","","s","Pk[",0,0,0,0,0,0
46203,"893  ","8930005","܂","̂₵","傤傤","","s","h",0,0,0,0,0,0
46203,"89316","8931602","܂","̂₵","炿傤肳","","s","ǒL",0,0,0,0,0,0
46203,"89316","8931603","܂","̂₵","炿傤","","s","ǒ",0,0,0,0,0,0
46203,"89316","8931605","܂","̂₵","炿傤݂΂","","s","ǒ㏬",0,0,0,0,0,0
46203,"89316","8931604","܂","̂₵","炿傤΂","","s","ǒ",0,0,0,0,0,0
46203,"89316","8931601","܂","̂₵","炿傤ق܂","","s","ǒ׎Rc",0,0,0,0,0,0
46203,"893  ","8930065","܂","̂₵","̂͂炿傤","","s","V",0,0,0,0,0,0
46203,"893  ","8930001","܂","̂₵","񂶂傤傤","","s","ÑO钬",0,0,0,0,0,0
46203,"893  ","8930014","܂","̂₵","ƂԂ","","s","",0,0,1,0,0,0
46203,"893  ","8930044","܂","̂₵","߂傤","","s","qڒ",0,0,0,0,0,0
46203,"89301","8930132","܂","̂₵","܂傤","","s","G",0,0,0,0,0,0
46203,"893  ","8930024","܂","̂₵","͂炢킿傤","","s","P쒬",0,0,0,0,0,0
46203,"893  ","8930047","܂","̂₵","ق肿傤","","s","x",0,0,0,0,0,0
46203,"893  ","8930016","܂","̂₵","炳傤","","s","蒬",0,0,0,0,0,0
46203,"89123","8912311","܂","̂₵","݂傤","","s","",0,0,0,0,0,0
46203,"893  ","8930063","܂","̂₵","񂦂傤","","s","Vh",0,0,0,0,0,0
46203,"893  ","8930015","܂","̂₵","񂩂킿傤","","s","V쒬",0,0,0,0,0,0
46203,"893  ","8930062","܂","̂₵","񂹂傤","","s","V",0,0,0,0,0,0
46203,"893  ","8930003","܂","̂₵","傤","","s","]c",0,0,0,0,0,0
46203,"893  ","8930054","܂","̂₵","傤","","s","{",0,0,0,0,0,0
46203,"893  ","8930066","܂","̂₵","܂傤","","s","q",0,0,0,0,0,0
46203,"893  ","8930037","܂","̂₵","傤","","s","c蒬",0,0,0,0,0,0
46203,"893  ","8930045","܂","̂₵","Ԃ傤","","s","c",0,0,0,0,0,0
46203,"89123","8912313","܂","̂₵","Ă񂶂񂿂傤","","s","V_",0,0,0,0,0,0
46203,"893  ","8930052","܂","̂₵","Ȃ΂邿傤","","s","i",0,0,0,0,0,0
46203,"893  ","8930033","܂","̂₵","Ȃ̂傤","","s","ic",0,0,0,0,0,0
46203,"893  ","8930034","܂","̂₵","Ȃʂ傤","","s","ђ",0,0,0,0,0,0
46203,"893  ","8930008","܂","̂₵","ɂĂ܂","","s","蒬",0,0,0,0,0,0
46203,"893  ","8930064","܂","̂₵","ɂ͂","","s","",0,0,1,0,0,0
46203,"893  ","8930025","܂","̂₵","ɂ͂炢킿傤","","s","P쒬",0,0,0,0,0,0
46203,"89123","8912305","܂","̂₵","˂΂邿傤","","s","،",0,0,0,0,0,0
46203,"893  ","8930055","܂","̂₵","̂Ƃ傤","","s","엢",0,0,0,0,0,0
46203,"893  ","8930036","܂","̂₵","͂傤","","s","˒",0,0,0,0,0,0
46203,"89123","8912304","܂","̂₵","͂Ȃ傤","","s","ԉ",0,0,0,0,0,0
46203,"89123","8912306","܂","̂₵","͂ȂƂ傤","","s","ԗ",0,0,0,0,0,0
46203,"893  ","8930053","܂","̂₵","͂܂傤","","s","lc",0,0,0,0,0,0
46203,"893  ","8930026","܂","̂₵","͂炢킿傤","","s","P쒬",0,0,0,0,0,0
46203,"893  ","8930021","܂","̂₵","Ђ΂邿傤","","s","",0,0,0,0,0,0
46203,"893  ","8930013","܂","̂₵","ӂ","","s","D",0,0,1,0,0,0
46203,"89123","8912314","܂","̂₵","ӂȂ܂傤","","s","DԒ",0,0,0,0,0,0
46203,"89123","8912321","܂","̂₵","ӂ邦傤","","s","Í]",0,0,0,0,0,0
46203,"89123","8912322","܂","̂₵","ӂ邳Ƃ傤","","s","×",0,0,0,0,0,0
46203,"893  ","8930041","܂","̂₵","قÂ傤","","s","˒",0,0,0,0,0,0
46203,"893  ","8930002","܂","̂₵","ق܂","","s","{",0,0,0,0,0,0
46203,"893  ","8930043","܂","̂₵","݂Ȃ݂傤","","s","쒬",0,0,0,0,0,0
46203,"893  ","8930006","܂","̂₵","ނ傤","","s","]",0,0,0,0,0,0
46203,"893  ","8930046","܂","̂₵","悱܂傤","","s","R",0,0,0,0,0,0
46204,"898  ","8980000","܂","܂炴","ɂȂ΂","","s","ȉɌfڂȂꍇ",0,0,0,0,0,0
46204,"898  ","8980080","܂","܂炴","ڂ̂傤","","s","ڂ̒",0,0,0,0,0,0
46204,"898  ","8980008","܂","܂炴","Ђ܂","","s","",0,0,0,0,0,0
46204,"898  ","8980006","܂","܂炴","݂܂","","s","",0,0,0,0,0,0
46204,"898  ","8980084","܂","܂炴","ɂ܂","","s","~",0,0,0,0,0,0
46204,"898  ","8980082","܂","܂炴","ق܂","","s","~{",0,0,0,0,0,0
46204,"898  ","8980083","܂","܂炴","݂Ȃ݂܂","","s","~쒬",0,0,0,0,0,0
46204,"898  ","8980052","܂","܂炴","킳傤","","s","蒬",0,0,0,0,0,0
46204,"898  ","8980058","܂","܂炴","ǂ傤","","s","˒",0,0,0,0,0,0
46204,"898  ","8980009","܂","܂炴","т傤","","s","b{",0,0,0,0,0,0
46204,"898  ","8980026","܂","܂炴","܂","","s","˖k",0,0,0,0,0,0
46204,"898  ","8980028","܂","܂炴","Ȃ܂","","s","˒",0,0,0,0,0,0
46204,"898  ","8980027","܂","܂炴","ɂ܂","","s","ː",0,0,0,0,0,0
46204,"898  ","8980029","܂","܂炴","݂Ȃ݂܂","","s","˓쒬",0,0,0,0,0,0
46204,"898  ","8980003","܂","܂炴","肮傤","","s","܌",0,0,0,0,0,0
46204,"898  ","8980054","܂","܂炴","ӂƂ܂","","s","U[",0,0,0,0,0,0
46204,"898  ","8980044","܂","܂炴","傤","","s","t",0,0,0,0,0,0
46204,"898  ","8980057","܂","܂炴","͂炿傤","","s","،",0,0,0,0,0,0
46204,"898  ","8980076","܂","܂炴","񂴂񂿂傤","","s","R",0,0,0,0,0,0
46204,"898  ","8980074","܂","܂炴","񂴂ɂ܂","","s","R",0,0,0,0,0,0
46204,"898  ","8980088","܂","܂炴","ɂ݂傤","","s","",0,0,0,0,0,0
46204,"898  ","8980062","܂","܂炴","ƂԂ傤","","s","",0,0,0,0,0,0
46204,"898  ","8980053","܂","܂炴","΂傤","","s","؏꒬",0,0,0,0,0,0
46204,"898  ","8980038","܂","܂炴","Ȃ܂","","s","h",0,0,0,0,0,0
46204,"898  ","8980037","܂","܂炴","ق܂","","s","h{",0,0,0,0,0,0
46204,"898  ","8980018","܂","܂炴","炬傤","","s","ؒ",0,0,0,0,0,0
46204,"898  ","8980073","܂","܂炴","܂݂܂","","s","R㒬",0,0,0,0,0,0
46204,"898  ","8980061","܂","܂炴","܂傤","","s","R",0,0,0,0,0,0
46204,"898  ","8980055","܂","܂炴","܂ɂ܂","","s","R",0,0,0,0,0,0
46204,"898  ","8980065","܂","܂炴","܂Ђ܂","","s","R",0,0,0,0,0,0
46204,"898  ","8980064","܂","܂炴","܂ق܂","","s","R{",0,0,0,0,0,0
46204,"898  ","8980002","܂","܂炴","݂傤","","s","",0,0,0,0,0,0
46204,"898  ","8980041","܂","܂炴","₫܂","","s","k",0,0,0,0,0,0
46204,"898  ","8980042","܂","܂炴","݂Ȃ݂܂","","s","쒬",0,0,0,0,0,0
46204,"898  ","8980089","܂","܂炴","炳킫܂","","s","k",0,0,0,0,0,0
46204,"898  ","8980092","܂","܂炴","炳ɂ܂","","s","򐼒",0,0,0,0,0,0
46204,"898  ","8980091","܂","܂炴","炳Ђ܂","","s","򓌒",0,0,0,0,0,0
46204,"898  ","8980007","܂","܂炴","܂","","s","V",0,0,0,0,0,0
46204,"898  ","8980017","܂","܂炴","݂悵傤","","s","Zg",0,0,0,0,0,0
46204,"898  ","8980087","܂","܂炴","Ƃ傤","","s","˒",0,0,0,0,0,0
46204,"898  ","8980047","܂","܂炴","݂̂ɂ܂","","s","",0,0,0,0,0,0
46204,"898  ","8980046","܂","܂炴","݂̂ق܂","","s","{",0,0,0,0,0,0
46204,"898  ","8980016","܂","܂炴","݂傤","","s","",0,0,0,0,0,0
46204,"898  ","8980045","܂","܂炴","Ă݂܂","","s","_k",0,0,0,0,0,0
46204,"898  ","8980025","܂","܂炴","݂ق܂","","s","_{",0,0,0,0,0,0
46204,"898  ","8980075","܂","܂炴","Ԃ킿傤","","s","cz쒬",0,0,0,0,0,0
46204,"898  ","8980051","܂","܂炴","イ傤","","s","",0,0,0,0,0,0
46204,"898  ","8980012","܂","܂炴","悾傤","","s","c",0,0,0,0,0,0
46204,"898  ","8980081","܂","܂炴","ƂƂ߂܂","","s","L",0,0,0,0,0,0
46204,"898  ","8980005","܂","܂炴","Ȃ܂","","s","",0,0,0,0,0,0
46204,"898  ","8980024","܂","܂炴","ɂ","","s","U",0,0,0,0,0,0
46204,"898  ","8980015","܂","܂炴","ɂق܂","","s","{",0,0,0,0,0,0
46204,"898  ","8980093","܂","܂炴","ɂ炿傤","","s","mcY",0,0,0,0,0,0
46204,"898  ","8980021","܂","܂炴","Ђ","","s","U",0,0,0,0,0,0
46204,"898  ","8980014","܂","܂炴","Ђق܂","","s","{",0,0,0,0,0,0
46204,"898  ","8980043","܂","܂炴","Ђ݂̂܂","","s","ΔV_k",0,0,0,0,0,0
46204,"898  ","8980048","܂","܂炴","Ђ݂̂傤","","s","ΔV_",0,0,0,0,0,0
46204,"898  ","8980049","܂","܂炴","Ђ݂݂̂傤","","s","ΔV_",0,0,0,0,0,0
46204,"898  ","8980034","܂","܂炴","Ђ̂ł傤","","s","Vo",0,0,0,0,0,0
46204,"898  ","8980035","܂","܂炴","Ђ炽܂","","s","c",0,0,0,0,0,0
46204,"898  ","8980032","܂","܂炴","ׂ","","s","ʕ{",0,0,0,0,0,0
46204,"898  ","8980086","܂","܂炴","ׂՂɂ܂","","s","ʕ{",0,0,0,0,0,0
46204,"898  ","8980085","܂","܂炴","ׂՂЂ܂","","s","ʕ{",0,0,0,0,0,0
46204,"898  ","8980031","܂","܂炴","܂炴","","s","",0,0,0,0,0,0
46204,"898  ","8980001","܂","܂炴","܂̂傤","","s","V",0,0,0,0,0,0
46204,"898  ","8980072","܂","܂炴","݂̂傤","","s","쒬",0,0,0,0,0,0
46204,"898  ","8980011","܂","܂炴","݂ǂ܂","","s","Β",0,0,0,0,0,0
46204,"898  ","8980004","܂","܂炴","݂ȂƂ܂","","s","`",0,0,0,0,0,0
46204,"898  ","8980056","܂","܂炴","݂͂܂","","s","",0,0,0,0,0,0
46204,"898  ","8980022","܂","܂炴","݂₽傤","","s","{c",0,0,0,0,0,0
46204,"898  ","8980033","܂","܂炴","݂܂傤","","s","{O",0,0,0,0,0,0
46204,"898  ","8980071","܂","܂炴","݂܂傤","","s","R",0,0,0,0,0,0
46204,"898  ","8980063","܂","܂炴","݂傤܂","","s","",0,0,0,0,0,0
46204,"898  ","8980036","܂","܂炴","߂킿傤","","s","a",0,0,0,0,0,0
46204,"898  ","8980013","܂","܂炴","܂Ă傤","","s","R蒬",0,0,0,0,0,0
46204,"898  ","8980023","܂","܂炴","킩΂傤","","s","t",0,0,0,0,0,0
46206,"89916","8991600","܂","˂","ɂȂ΂","","vs","ȉɌfڂȂꍇ",0,0,0,0,0,0
46206,"89916","8991611","܂","˂","","","vs","Ԑ",0,0,0,0,0,0
46206,"89917","8991741","܂","˂","","","vs","",0,0,0,0,0,0
46206,"89916","8991624","܂","˂","܂邿傤","","vs","ے",0,0,0,0,0,0
46206,"89916","8991601","܂","˂","肮","","vs","܌",0,0,0,0,0,0
46206,"89916","8991615","܂","˂","ƂЂ炿傤","","vs","Օ",0,0,0,0,0,0
46206,"89916","8991616","܂","˂","܂","","vs","h",0,0,0,0,0,0
46206,"89916","8991628","܂","˂","邿傤","","vs","ߒ",0,0,1,0,0,0
46206,"89916","8991629","܂","˂","͂܂傤","","vs","l",0,0,1,0,0,0
46206,"89916","8991613","܂","˂","܂","","vs","V",0,0,0,0,0,0
46206,"89916","8991622","܂","˂","܂傤","","vs","",0,0,0,0,0,0
46206,"89916","8991602","܂","˂","","","vs","c",0,0,0,0,0,0
46206,"89916","8991603","܂","˂","邪키","","vs","ߐ",0,0,0,0,0,0
46206,"89916","8991626","܂","˂","݂傤","","vs","ߌ",0,0,0,0,0,0
46206,"89916","8991627","܂","˂","ɂ","","vs","",0,0,0,0,0,0
46206,"89916","8991617","܂","˂","͂܂܂","","vs","l",0,0,0,0,0,0
46206,"89916","8991625","܂","˂","͂","","vs","g",0,0,0,0,0,0
46206,"89916","8991614","܂","˂","݂͂傤","","vs","C",0,0,0,0,0,0
46206,"89916","8991621","܂","˂","ق܂","","vs","{",0,0,0,0,0,0
46206,"89916","8991612","܂","˂","܂邨傤","","vs","۔",0,0,0,0,0,0
46206,"89916","8991623","܂","˂","݂ȂƂ܂","","vs","`",0,0,0,0,0,0
46206,"89916","8991604","܂","˂","܂","","vs","R",0,0,0,0,0,0
46206,"89911","8991131","܂","˂","킫","","vs","e{",0,0,0,0,0,0
46208,"89902","8990200","܂","݂","ɂȂ΂","","os","ȉɌfڂȂꍇ",0,0,0,0,0,0
46208,"89901","8990137","܂","݂","܂܂傤","","os","",0,0,0,0,0,0
46208,"89901","8990134","܂","݂","炽傤","","os","Yc",0,0,0,0,0,0
46208,"89902","8990216","܂","݂","̂͂炿傤","","os","쌴",0,0,0,0,0,0
46208,"89903","8990341","܂","݂","݂키","","os","",0,0,0,0,0,0
46208,"89902","8990203","܂","݂","݂΂Ԃ","","os","I",0,0,0,0,0,0
46208,"89902","8990212","܂","݂","݂傤","","os","m",0,0,0,0,0,0
46208,"89901","8990125","܂","݂","˂܂","","os","",0,0,0,0,0,0
46208,"89902","8990214","܂","݂","܂񂲂傤","","os","ܖΒ",0,0,0,0,0,0
46208,"89901","8990121","܂","݂","߂̂܂","","os","Ă̒Ò",0,0,0,0,0,0
46208,"89901","8990122","܂","݂","傤","","os","",0,0,0,0,0,0
46208,"89901","8990136","܂","݂","݂傤","","os","",0,0,0,0,0,0
46208,"89903","8990342","܂","݂","키","","os","",0,0,0,0,0,0
46208,"89901","8990123","܂","݂","΂傤","","os","I",0,0,0,0,0,0
46208,"89901","8990132","܂","݂","܂","","os","m",0,0,0,0,0,0
46208,"89901","8990135","܂","݂","傤","","os","",0,0,0,0,0,0
46208,"89902","8990202","܂","݂","傤܂","","os","a",0,0,0,0,0,0
46208,"89901","8990138","܂","݂","݂悵傤","","os","Zg",0,0,0,0,0,0
46208,"89904","8990407","܂","݂","̂܂","","os","쒬]",0,0,0,0,0,0
46208,"89904","8990401","܂","݂","̂܂","","os","쒬v",0,0,0,0,0,0
46208,"89904","8990406","܂","݂","̂܂݂","","os","쒬㐅",0,0,0,0,0,0
46208,"89904","8990403","܂","݂","̂܂炪","","os","쒬}",0,0,0,0,0,0
46208,"89904","8990402","܂","݂","̂܂΂Ђ","","os","쒬Ĉ",0,0,0,0,0,0
46208,"89904","8990405","܂","݂","̂܂","","os","쒬",0,0,0,0,0,0
46208,"89904","8990404","܂","݂","̂܂","","os","쒬",0,0,0,0,0,0
46208,"89902","8990215","܂","݂","","","os","{",0,0,0,0,0,0
46208,"89902","8990211","܂","݂","傤","","os","m",0,0,0,0,0,0
46208,"89902","8990207","܂","݂","イ傤","","os","",0,0,0,0,0,0
46208,"89902","8990213","܂","݂","ɂ݂傤","","os","o",0,0,0,0,0,0
46208,"89905","8990501","܂","݂","̂傤݂݂傤","","os","c㖼",0,0,0,0,0,0
46208,"89905","8990502","܂","݂","̂傤݂傤","","os","c",0,0,0,0,0,0
46208,"89901","8990133","܂","݂","ӂ̂傤","","os","̍]",0,0,0,0,0,0
46208,"89902","8990204","܂","݂","ӂƂ傤","","os","[",0,0,0,0,0,0
46208,"89902","8990208","܂","݂","Ԃ񂩂傤","","os","",0,0,0,0,0,0
46208,"89902","8990217","܂","݂","ւ킿傤","","os","a",0,0,0,0,0,0
46208,"89902","8990205","܂","݂","ق܂","","os","{",0,0,0,0,0,0
46208,"89902","8990201","܂","݂","݂ǂ܂","","os","Β",0,0,0,0,0,0
46208,"89901","8990124","܂","݂","݂͂炿傤","","os","",0,0,0,0,0,0
46208,"89901","8990131","܂","݂","݂傤񂿂傤","","os","_",0,0,0,0,0,0
46208,"89902","8990206","܂","݂","ނ܂","","os","]",0,0,0,0,0,0
46208,"89901","8990126","܂","݂","낭܂","","os","Zc",0,0,0,0,0,0
46209,"89525","8952500","܂","","ɂȂ΂","","s","ȉɌfڂȂꍇ",0,0,0,0,0,0
46209,"89525","8952504","܂","","","","s","",0,0,0,0,0,0
46209,"89525","8952501","܂","","","","s","",0,0,0,0,0,0
46209,"89525","8952522","܂","","","","s","哇",0,0,0,0,0,0
46209,"89525","8952507","܂","","","","s","c",0,0,0,0,0,0
46209,"89525","8952523","܂","","Ȃ͂","","s","gc",0,0,0,0,0,0
46209,"89525","8952513","܂","","݂܂","","s","㒬",0,0,0,0,0,0
46209,"89525","8952528","܂","","킢킺","","s","␣",0,0,0,0,0,0
46209,"89525","8952502","܂","","̂","","s","؂̎",0,0,0,0,0,0
46209,"89526","8952634","܂","","키","","s","",0,0,0,0,0,0
46209,"89526","8952631","܂","","͂","","s","،",0,0,0,0,0,0
46209,"89525","8952511","܂","","","","s","",0,0,0,0,0,0
46209,"89525","8952503","܂","","̂͂","","s","",0,0,0,0,0,0
46209,"89525","8952525","܂","","Ƃ","","s","a",0,0,0,0,0,0
46209,"89525","8952529","܂","","炫","","s","",0,0,0,0,0,0
46209,"89524","8952441","܂","","","","s","]",0,0,0,0,0,0
46209,"89525","8952527","܂","","","","s","c",0,0,0,0,0,0
46209,"89525","8952524","܂","","ǂ","","s","",0,0,0,0,0,0
46209,"89525","8952521","܂","","Ƃ肷","","s","",0,0,0,0,0,0
46209,"89525","8952506","܂","","͂炾","","s","c",0,0,0,0,0,0
46209,"89524","8952442","܂","","͂","","s","j",0,0,0,0,0,0
46209,"89526","8952633","܂","","Ђ炢","","s","o",0,0,0,0,0,0
46209,"89526","8952632","܂","","ӂ","","s","",0,0,0,0,0,0
46209,"89525","8952526","܂","","݂Ђ","","s","{l",0,0,0,0,0,0
46209,"89525","8952505","܂","","߂܂","","s","ڊ",0,0,0,0,0,0
46209,"89525","8952512","܂","","Ƃ܂","","s","",0,0,0,0,0,0
46209,"89526","8952635","܂","","܂","","s","R",0,0,0,0,0,0
46210,"89104","8910400","܂","Ԃ","ɂȂ΂","","whs","ȉɌfڂȂꍇ",0,0,0,0,0,0
46210,"89103","8910312","܂","Ԃ","","","whs","rc",0,0,0,0,0,0
46210,"89103","8910315","܂","Ԃ","","","whs","{",0,0,0,0,0,0
46210,"89104","8910401","܂","Ԃ","ނ","","whs","喴",0,0,1,0,0,0
46210,"89106","8910601","܂","Ԃ","񂤂","","whs","J",0,0,0,0,0,0
46210,"89106","8910602","܂","Ԃ","񂩂킵","","whs","JK",0,0,0,0,0,0
46210,"89106","8910603","܂","Ԃ","񂶂傤","","whs","J\",0,0,0,0,0,0
46210,"89106","8910604","܂","Ԃ","񂹂","","whs","Jc",0,0,0,0,0,0
46210,"89103","8910314","܂","Ԃ","܂","","whs","q",0,0,0,0,0,0
46210,"89104","8910403","܂","Ԃ","イɂ傤","","whs","\",0,0,0,0,0,0
46210,"89104","8910402","܂","Ԃ","傤","","whs","\",0,0,0,0,0,0
46210,"89103","8910313","܂","Ԃ","ɂ","","whs","V",0,0,0,0,0,0
46210,"89103","8910311","܂","Ԃ","ɂ","","whs","",0,0,0,0,0,0
46210,"89103","8910304","܂","Ԃ","Ђ(600-5974A5976-7816A7833A7834A","","whs","iUOO`TXVSATXVU`VWPUAVWRRAVWRSA",1,0,0,0,0,0
46210,"89103","8910304","܂","Ԃ","10603-11015)","","whs","POUOR`PPOPTj",1,0,0,0,0,0
46210,"89104","8910404","܂","Ԃ","Ђ(̂)","","whs","ȋj",1,0,0,0,0,0
46210,"89104","8910405","܂","Ԃ","݂Ȃ","","whs","",0,0,1,0,0,0
46210,"89105","8910502","܂","Ԃ","܂킠Ђ傤","","whs","R쒩",0,0,0,0,0,0
46210,"89105","8910507","܂","Ԃ","܂킢ӂ˂傤","","whs","RD",0,0,0,0,0,0
46210,"89106","8910614","܂","Ԃ","܂킨(1400-1717΂)","","whs","RRiPSOO`PVPVԁj",1,0,0,0,0,0
46210,"89105","8910514","܂","Ԃ","܂킨(̂)","","whs","RRȋj",1,0,0,0,0,0
46210,"89105","8910513","܂","Ԃ","܂킨悪݂","","whs","R쉪",0,0,0,0,0,0
46210,"89105","8910515","܂","Ԃ","܂킨","","whs","R쏬",0,0,0,0,0,0
46210,"89105","8910506","܂","Ԃ","܂킫񂹂傤","","whs","R",0,0,0,0,0,0
46210,"89105","8910503","܂","Ԃ","܂킵݂傤","","whs","R쒪",0,0,0,0,0,0
46210,"89105","8910501","܂","Ԃ","܂킵񂦂傤","","whs","RVh",0,0,0,0,0,0
46210,"89105","8910504","܂","Ԃ","܂킵񂹂傤","","whs","RV",0,0,0,0,0,0
46210,"89106","8910621","܂","Ԃ","܂ƂȂ","","whs","R엘i",0,0,0,0,0,0
46210,"89105","8910516","܂","Ԃ","܂Ȃ肩","","whs","R쐬",0,0,0,0,0,0
46210,"89105","8910512","܂","Ԃ","܂͂܂悪݂","","whs","Rl",0,0,0,0,0,0
46210,"89105","8910511","܂","Ԃ","܂ӂ","","whs","R앟",0,0,0,0,0,0
46210,"89105","8910505","܂","Ԃ","܂܂傤","","whs","RR",0,0,0,0,0,0
46210,"89104","8910406","܂","Ԃ","̂͂","","whs","̕l",0,0,1,0,0,0
46213,"89131","8913100","܂","ɂ̂Ă","ɂȂ΂","","V\s","ȉɌfڂȂꍇ",0,0,0,0,0,0
46213,"89134","8913432","܂","ɂ̂Ă","񂶂傤","","V\s","",0,0,0,0,0,0
46213,"89131","8913102","܂","ɂ̂Ă","̂(1-3048A4901-4930΂)","","V\s","[iP`ROSWASXOP`SXROԒnj",1,0,0,0,0,0
46213,"89132","8913202","܂","ɂ̂Ă","̂(̂)","","V\s","[ȋj",1,0,0,0,0,0
46213,"89131","8913114","܂","ɂ̂Ă","","","V\s","rc",0,0,0,0,0,0
46213,"89132","8913221","܂","ɂ̂Ă","","","V\s","Ɋ",0,0,0,0,0,0
46213,"89131","8913116","܂","ɂ̂Ă","߂傤","","V\s","",0,0,0,0,0,0
46213,"89132","8913222","܂","ɂ̂Ă","ɂ","","V\s","",0,0,0,0,0,0
46213,"89131","8913103","܂","ɂ̂Ă","","","V\s","a",0,0,0,0,0,0
46213,"89131","8913112","܂","ɂ̂Ă","܂","","V\s","h",0,0,0,0,0,0
46213,"89131","8913117","܂","ɂ̂Ă","炪","","V\s","u",0,0,0,0,0,0
46213,"89131","8913104","܂","ɂ̂Ă","݂悵","","V\s","Zg",0,0,0,0,0,0
46213,"89131","8913115","܂","ɂ̂Ă","Ă񂶂񂿂傤","","V\s","V_",0,0,0,0,0,0
46213,"89131","8913101","܂","ɂ̂Ă","ɂ̂","","V\s","V\",0,0,0,0,0,0
46213,"89131","8913111","܂","ɂ̂Ă","ɂ܂","","V\s","",0,0,0,0,0,0
46213,"89131","8913113","܂","ɂ̂Ă","Ђ܂","","V\s","",0,0,0,0,0,0
46213,"89134","8913431","܂","ɂ̂Ă","ӂ邽","","V\s","Óc",0,0,0,0,0,0
46213,"89131","8913118","܂","ɂ̂Ă","܂","","V\s","nѓ",0,0,0,0,0,0
46214,"89121","8912100","܂","݂","ɂȂ΂","","s","ȉɌfڂȂꍇ",0,0,0,0,0,0
46214,"89121","8912125","܂","݂","Ђ܂","","s","",0,0,0,0,0,0
46214,"89121","8912103","܂","݂","","","s","s",0,0,0,0,0,0
46214,"89946","8994631","܂","݂","˂","","s","",0,0,0,0,0,0
46214,"89946","8994632","܂","݂","˂ӂ","","s","[",0,0,0,0,0,0
46214,"89121","8912101","܂","݂","","","s","C",0,0,0,0,0,0
46214,"89121","8912122","܂","݂","܂","","s","㒬",0,0,0,0,0,0
46214,"89121","8912124","܂","݂","񂱂傤","","s","э]",0,0,0,0,0,0
46214,"89121","8912116","܂","݂","ʂ΂","","s","A",0,0,0,0,0,0
46214,"89121","8912121","܂","݂","܂","","s","h",0,0,0,0,0,0
46214,"89121","8912117","܂","݂","傤","","s","ʒ",0,0,1,0,0,0
46214,"89121","8912127","܂","݂","݂₿傤","","s","{",0,0,0,0,0,0
46214,"89121","8912114","܂","݂","񂶂傤","","s","V",0,0,0,0,0,0
46214,"89121","8912111","܂","݂","݂ǂ","","s","V䓰",0,0,0,0,0,0
46214,"89121","8912113","܂","݂","傤","","s","",0,0,0,0,0,0
46214,"89121","8912104","܂","݂","","","s","c_",0,0,0,0,0,0
46214,"89121","8912106","܂","݂","イ傤","","s","",0,0,0,0,0,0
46214,"89121","8912102","܂","݂","Ȃ܂","","s","",0,0,0,0,0,0
46214,"89121","8912115","܂","݂","͂܂т","","s","l",0,0,0,0,0,0
46214,"89946","8994633","܂","݂","ӂ","","s","",0,0,0,0,0,0
46214,"89121","8912112","܂","݂","ق񂶂傤","","s","{",0,0,0,0,0,0
46214,"89121","8912123","܂","݂","ق܂","","s","{",0,0,0,0,0,0
46214,"89121","8912105","܂","݂","܂΂炿傤","","s","",0,0,0,0,0,0
46214,"89121","8912126","܂","݂","݂Ȃ݂܂΂炿傤","","s","쏼",0,0,0,0,0,0
46215,"895  ","8950000","܂","܂񂾂","ɂȂ΂","","Fs","ȉɌfڂȂꍇ",0,0,0,0,0,0
46215,"895  ","8950044","܂","܂񂾂","܂傤","","Fs","R",0,0,0,0,0,0
46215,"895  ","8950011","܂","܂񂾂","܂傤","","Fs","VC",0,0,0,0,0,0
46215,"89514","8951402","܂","܂񂾂","肫傤݂̂傤","","Fs","YV",0,0,0,0,0,0
46215,"89514","8951401","܂","܂񂾂","肫傤","","Fs","c",0,0,0,0,0,0
46215,"89502","8950214","܂","܂񂾂","ǂ񂿂傤(3030΂)","","Fs","^iROROԒnj",1,0,0,0,0,0
46215,"895  ","8950077","܂","܂񂾂","ǂ񂿂傤(̂)","","Fs","^ȋj",1,0,0,0,0,0
46215,"89919","8991925","܂","܂񂾂","Â傤","","Fs","ԒÒ",0,0,0,0,0,0
46215,"895  ","8950076","܂","܂񂾂","傤傤","","Fs","召H",0,0,0,0,0,0
46215,"895  ","8950035","܂","܂񂾂","낦傤","","Fs","]",0,0,0,0,0,0
46215,"89613","8961301","܂","܂񂾂","܂傤ނ","","Fs","ac",0,0,0,0,0,0
46215,"895  ","8950031","܂","܂񂾂","߂傤","","Fs","ڒ",0,0,0,0,0,0
46215,"89612","8961203","܂","܂񂾂","݂傤","","Fs","㍙]",0,0,0,0,0,0
46215,"89612","8961204","܂","܂񂾂","݂傤","","Fs","㍙",0,0,0,0,0,0
46215,"89612","8961206","܂","܂񂾂","݂傤̂","","Fs","㍙KVY",0,0,0,0,0,0
46215,"89612","8961205","܂","܂񂾂","݂傤","","Fs","㍙",0,0,0,0,0,0
46215,"896  ","8961281","܂","܂񂾂","݂傤","","Fs","㍙",0,0,0,0,0,0
46215,"89612","8961201","܂","܂񂾂","݂傤Ȃ","","Fs","㍙",0,0,0,0,0,0
46215,"89612","8961202","܂","܂񂾂","݂傤Ȃ","","Fs","㍙",0,0,0,0,0,0
46215,"895  ","8950067","܂","܂񂾂","݂񂾂傤","","Fs","",0,0,0,0,0,0
46215,"895  ","8950033","܂","܂񂾂","Ȃ̂傤","","Fs","i쒬",0,0,0,0,0,0
46215,"895  ","8950052","܂","܂񂾂","񂾂傤","","Fs","_c",0,0,0,0,0,0
46215,"895  ","8950004","܂","܂񂾂","イ傤","","Fs","vZ",0,0,0,0,0,0
46215,"895  ","8950002","܂","܂񂾂","Ƃ傤","","Fs","팳",0,0,0,0,0,0
46215,"895  ","8950041","܂","܂񂾂","܂̂傤傤","","Fs","GV钬",0,0,0,0,0,0
46215,"89501","8950132","܂","܂񂾂","݂傤","","Fs","v蒬",0,0,0,0,0,0
46215,"89515","8951502","܂","܂񂾂","ǂ񂿂傤ނ","","Fs","V@ac",0,0,0,0,0,0
46215,"89515","8951503","܂","܂񂾂","ǂ񂿂傤݂","","Fs","V@",0,0,0,0,0,0
46215,"89515","8951504","܂","܂񂾂","ǂ񂿂傤낫","","Fs","V@",0,0,0,0,0,0
46215,"89515","8951501","܂","܂񂾂","ǂ񂿂傤","","Fs","V@",0,0,0,0,0,0
46215,"895  ","8950073","܂","܂񂾂","Ԃ񂶂傤","","Fs","",0,0,0,0,0,0
46215,"89919","8991922","܂","܂񂾂","炿傤","","Fs","q",0,0,0,0,0,0
46215,"895  ","8950066","܂","܂񂾂","傤","","Fs","ܑ㒬",0,0,0,0,0,0
46215,"895  ","8950034","܂","܂񂾂","΂񂿂₿傤","","Fs","؏ꒃ",0,0,0,0,0,0
46215,"895  ","8950061","܂","܂񂾂","傤傤","","Fs","ˉ",0,0,0,0,0,0
46215,"89611","8961101","܂","܂񂾂","Ƃ傤","","Fs","",0,0,0,0,0,0
46215,"89615","8961521","܂","܂񂾂","傤","","Fs","",0,0,0,0,0,0
46215,"89616","8961602","܂","܂񂾂","傤̂","","Fs","ЖY",0,0,0,0,0,0
46215,"89614","8961412","܂","܂񂾂","傤̂(1700΂-A키)","","Fs","XYiPVOOԒn`Aj",1,0,0,0,0,0
46215,"89615","8961512","܂","܂񂾂","傤̂(̂)","","Fs","XYȋj",1,0,0,0,0,0
46215,"89616","8961601","܂","܂񂾂","傤Ă","","Fs","",0,0,0,0,0,0
46215,"89614","8961411","܂","܂񂾂","傤Ȃ͂","","Fs","l",0,0,0,0,0,0
46215,"89502","8950213","܂","܂񂾂","傤݂傤","","Fs","㒬",0,0,0,0,0,0
46215,"895  ","8950001","܂","܂񂾂","͂܂傤","","Fs","l",0,0,0,0,0,0
46215,"895  ","8950022","܂","܂񂾂","킿傤","","Fs","a",0,0,0,0,0,0
46215,"895  ","8950062","܂","܂񂾂","傤","","Fs","剤",0,0,0,0,0,0
46215,"895  ","8950071","܂","܂񂾂","݂傤","","Fs","cC",0,0,0,0,0,0
46215,"89501","8950131","܂","܂񂾂","傤","","Fs","]",0,0,0,0,0,0
46215,"89502","8950211","܂","܂񂾂","傤","","Fs","钬",0,0,0,0,0,0
46215,"895  ","8950006","܂","܂񂾂","傤","","Fs","c蒬",0,0,0,0,0,0
46215,"895  ","8950072","܂","܂񂾂","イ","","Fs","",0,0,1,1,0,0
46215,"895  ","8950072","܂","܂񂾂","イ傤","","Fs","",0,0,0,1,0,0
46215,"89511","8951106","܂","܂񂾂","Ƃ傤̂Ԃ","","Fs","",0,0,0,0,0,0
46215,"89511","8951101","܂","܂񂾂","Ƃ傤","","Fs","",0,0,0,0,0,0
46215,"89511","8951103","܂","܂񂾂","Ƃ傤Ƃ܂","","Fs","",0,0,0,0,0,0
46215,"89511","8951105","܂","܂񂾂","Ƃ傤̂","","Fs","쐣",0,0,0,0,0,0
46215,"89511","8951102","܂","܂񂾂","Ƃ傤ӂ","","Fs","",0,0,0,0,0,0
46215,"89511","8951104","܂","܂񂾂","Ƃ傤܂","","Fs","Rc",0,0,0,0,0,0
46215,"895  ","8950024","܂","܂񂾂","Ƃ肨傤","","Fs","ǒ",0,0,0,0,0,0
46215,"895  ","8950005","܂","܂񂾂","ȂƂ傤","","Fs","i",0,0,0,0,0,0
46215,"895  ","8950042","܂","܂񂾂","Ȃӂ炿傤","","Fs","ǒ",0,0,0,0,0,0
46215,"895  ","8950003","܂","܂񂾂","Ȃނ炿傤","","Fs","",0,0,0,0,0,0
46215,"895  ","8950055","܂","܂񂾂","ɂ񂿂傤","","Fs","J",0,0,0,0,0,0
46215,"89918","8991801","܂","܂񂾂","ɂ傤","","Fs","",0,0,0,0,0,0
46215,"895  ","8950027","܂","܂񂾂","ɂނ傤","","Fs","c",0,0,0,0,0,0
46215,"895  ","8950064","܂","܂񂾂","͂Ȃ傤","","Fs","Ԗؒ",0,0,0,0,0,0
46215,"895  ","8950074","܂","܂񂾂","͂炾傤","","Fs","c",0,0,0,0,0,0
46215,"895  ","8950075","܂","܂񂾂","Ђ傤傤","","Fs","召H",0,0,0,0,0,0
46215,"895  ","8950051","܂","܂񂾂","Ђ񂿂傤","","Fs","J",0,0,0,0,0,0
46215,"895  ","8950026","܂","܂񂾂","Ђނ傤","","Fs","c",0,0,0,0,0,0
46215,"895  ","8950053","܂","܂񂾂","Ђ݂傤","","Fs","␅",0,0,0,0,0,0
46215,"895  ","8950012","܂","܂񂾂","Ђ炳傤","","Fs","",0,0,0,0,0,0
46215,"89512","8951203","܂","܂񂾂","Ђ킫傤Ђ","","Fs","es",0,0,0,0,0,0
46215,"89512","8951201","܂","܂񂾂","Ђ킫傤","","Fs","eq",0,0,0,0,0,0
46215,"89512","8951202","܂","܂񂾂","Ђ킫傤Ƃ̂͂","","Fs","eV",0,0,0,0,0,0
46215,"89919","8991921","܂","܂񂾂","݂Ђ傤","","Fs","",0,0,0,0,0,0
46215,"89919","8991924","܂","܂񂾂","݂ȂƂ傤","","Fs","`",0,0,0,0,0,0
46215,"895  ","8950065","܂","܂񂾂","݂₤傤","","Fs","{",0,0,0,0,0,0
46215,"895  ","8950043","܂","܂񂾂","݂₱傤","","Fs","s",0,0,0,0,0,0
46215,"895  ","8950013","܂","܂񂾂","݂₴傤","","Fs","{蒬",0,0,0,0,0,0
46215,"895  ","8950056","܂","܂񂾂","݂₴Ƃ傤","","Fs","{",0,0,0,0,0,0
46215,"895  ","8950025","܂","܂񂾂","ނ傤","","Fs","c",0,0,0,0,0,0
46215,"895  ","8950021","܂","܂񂾂","ނق܂","","Fs","c{",0,0,0,0,0,0
46215,"895  ","8950007","܂","܂񂾂","傤","","Fs","S",0,0,0,0,0,0
46215,"895  ","8950036","܂","܂񂾂","₮炿傤","","Fs","q",0,0,0,0,0,0
46215,"895  ","8950032","܂","܂񂾂","܂̂傤","","Fs","RV",0,0,0,0,0,0
46215,"89919","8991923","܂","܂񂾂","䂵܂傤","","Fs","",0,0,0,0,0,0
46215,"89918","8991802","܂","܂񂾂","䂾傤","","Fs","c",0,0,0,0,0,0
46215,"89502","8950212","܂","܂񂾂","悤傤","","Fs","z",0,0,0,0,0,0
46215,"895  ","8950023","܂","܂񂾂","悱΂΂傤","","Fs","n꒬",0,0,0,0,0,0
46215,"89501","8950133","܂","܂񂾂","肽傤","","Fs","c",0,0,0,0,0,0
46215,"895  ","8950063","܂","܂񂾂","킩΂傤","","Fs","t",0,0,0,0,0,0
46215,"895  ","8950054","܂","܂񂾂","킩܂傤","","Fs","ᏼ",0,0,0,0,0,0
46216,"89925","8992500","܂","Ђ","ɂȂ΂","","us","ȉɌfڂȂꍇ",0,0,0,0,0,0
46216,"89925","8992522","܂","Ђ","イ񂿂傤ނ","","us","ɏW@і",0,0,0,0,0,0
46216,"89925","8992505","܂","Ђ","イ񂿂傤","","us","ɏW@q",0,0,0,0,0,0
46216,"89931","8993121","܂","Ђ","イ񂿂傤(̂̂Â)","","us","ɏW@civؖXΒˁj",1,0,0,0,0,0
46216,"89925","8992521","܂","Ђ","イ񂿂傤(̂)","","us","ɏW@cȋj",1,0,0,0,0,0
46216,"89925","8992512","܂","Ђ","イ񂿂傤݂ǂ","","us","ɏW@_a",0,0,0,0,0,0
46216,"89925","8992506","܂","Ђ","イ񂿂傤ӂ","","us","ɏW@",0,0,0,0,0,0
46216,"89924","8992441","܂","Ђ","イ񂿂傤΂","","us","ɏW@K",0,0,0,0,0,0
46216,"89925","8992524","܂","Ђ","イ񂿂傤̂͂","","us","ɏW@V",0,0,0,0,0,0
46216,"89925","8992504","܂","Ђ","イ񂿂傤","","us","ɏW@S",0,0,0,0,0,0
46216,"89925","8992511","܂","Ђ","イ񂿂傤ǂ","","us","ɏW@_a",0,0,0,0,0,0
46216,"89925","8992501","܂","Ђ","イ񂿂傤ɂ","","us","ɏW@J",0,0,0,0,0,0
46216,"89925","8992515","܂","Ђ","イ񂿂傤̂","","us","ɏW@|VR",0,0,0,0,0,0
46216,"89925","8992516","܂","Ђ","イ񂿂傤΂","","us","ɏW@y",0,0,0,0,0,0
46216,"89924","8992443","܂","Ђ","イ񂿂傤Ă킫","","us","ɏW@e",0,0,0,0,0,0
46216,"89925","8992502","܂","Ђ","イ񂿂傤Ƃ","","us","ɏW@d",0,0,0,0,0,0
46216,"89925","8992514","܂","Ђ","イ񂿂傤Ȃ","","us","ɏW@",0,0,0,0,0,0
46216,"89924","8992442","܂","Ђ","イ񂿂傤̂","","us","ɏW@c",0,0,0,0,0,0
46216,"89925","8992523","܂","Ђ","イ񂿂傤ӂ邶傤","","us","ɏW@Ï",0,0,0,0,0,0
46216,"89925","8992503","܂","Ђ","イ񂿂傤݂傤","","us","ɏW@~",0,0,1,0,0,0
46216,"89925","8992513","܂","Ђ","イ񂿂傤ނ","","us","ɏW@c",0,0,0,0,0,0
46216,"89922","8992203","܂","Ђ","Ђ傤","","us","sɍc",0,0,0,0,0,0
46216,"89922","8992204","܂","Ђ","Ђ傤݂̂","","us","s_V",0,0,0,0,0,0
46216,"89924","8992432","܂","Ђ","Ђ傤Ă킫","","us","se",0,0,0,0,0,0
46216,"89922","8992202","܂","Ђ","Ђ傤Ȃ","","us","s",0,0,0,0,0,0
46216,"89924","8992434","܂","Ђ","Ђ傤݂Ȃ݂݂̂","","us","s_V",0,0,0,0,0,0
46216,"89924","8992433","܂","Ђ","Ђ傤݂₽","","us","s{c",0,0,0,0,0,0
46216,"89924","8992431","܂","Ђ","Ђ傤݂","","us","sR",0,0,0,0,0,0
46216,"89922","8992201","܂","Ђ","Ђ傤䂾","","us","sc",0,0,0,0,0,0
46216,"89923","8992311","܂","Ђ","Ђ傤悤","","us","s{",0,0,0,0,0,0
46216,"89924","8992421","܂","Ђ","Ђ悵傤݂̂","","us","g_V",0,0,0,0,0,0
46216,"89931","8993101","܂","Ђ","Ђ悵傤Ђ","","us","gu",0,0,0,0,0,0
46216,"89931","8993102","܂","Ђ","Ђ悵傤܂","","us","gRc",0,0,0,0,0,0
46216,"89931","8993103","܂","Ђ","Ђ悵傤悵Ƃ(5614A5619A5647A5653΂)","","us","ggiTUPSATUPXATUSVATUTRԒnj",1,0,0,0,0,0
46216,"89932","8993203","܂","Ђ","Ђ悵傤悵Ƃ(̂)","","us","ggȋj",1,0,0,0,0,0
46216,"89933","8993305","܂","Ђ","ӂ傤܂","","us","㒬c",0,0,0,0,0,0
46216,"89933","8993304","܂","Ђ","ӂ傤肫","","us","㒬",0,0,0,0,0,0
46216,"89933","8993306","܂","Ђ","ӂ傤","","us","㒬",0,0,0,0,0,0
46216,"89933","8993307","܂","Ђ","ӂ傤キ","","us","㒬؏n",0,0,0,0,0,0
46216,"89933","8993308","܂","Ђ","ӂ傤","","us","㒬cK",0,0,0,0,0,0
46216,"89933","8993302","܂","Ђ","ӂ傤Ȃ̂","","us","㒬V",0,0,0,0,0,0
46216,"89933","8993301","܂","Ђ","ӂ傤Ȃ͂","","us","㒬",0,0,0,0,0,0
46216,"89932","8993221","܂","Ђ","ӂ傤Ȃ悵","","us","㒬ig",0,0,0,0,0,0
46216,"89933","8993303","܂","Ђ","ӂ傤̂","","us","㒬VY",0,0,0,0,0,0
46216,"89933","8993309","܂","Ђ","ӂ傤悭","","us","㒬oq",0,0,0,0,0,0
46216,"89933","8993311","܂","Ђ","ӂ傤킾","","us","㒬ac",0,0,0,0,0,0
46217,"89986","8998600","܂","","ɂȂ΂","","]s","ȉɌfڂȂꍇ",0,0,0,0,0,0
46217,"89982","8998211","܂","","݂傤炽(炽ɁAAȂ)","","]s","rJirJA唗A唗j",1,0,0,0,0,0
46217,"89983","8998311","܂","","݂傤炽(̂)","","]s","rJȋj",1,0,0,0,0,0
46217,"89981","8998102","܂","","݂傤킪","","]s","",0,0,0,0,0,0
46217,"89984","8998421","܂","","݂傤","","]s","J",0,0,0,0,0,0
46217,"89982","8998213","܂","","݂傤܂","","]s","ؒ",0,0,0,0,0,0
46217,"89984","8998422","܂","","݂傤","","]s","⌳",0,0,0,0,0,0
46217,"89981","8998106","܂","","݂傤ڂ܂","","]s","E",0,0,0,0,0,0
46217,"89984","8998423","܂","","݂傤","","]s","{c",0,0,0,0,0,0
46217,"89981","8998105","܂","","݂傤Ȃ܂","","]s","i",0,0,0,0,0,0
46217,"89982","8998212","܂","","݂傤","","]s","",0,0,0,0,0,0
46217,"89984","8998424","܂","","݂傤˂悵","","]s","Pg",0,0,0,0,0,0
46217,"89981","8998103","܂","","݂傤Ȃ̂","","]s","V",0,0,0,0,0,0
46217,"89981","8998104","܂","","݂傤Ȃ邪݂܂","","]s","_",0,0,0,0,0,0
46217,"89981","8998101","܂","","悵傤킳(͂ÂA݂Ȃ݁A܂A܂͂A݂A݂΂)","","]s","girAVAAOcAqAYA{j",1,0,0,0,0,0
46217,"89986","8998601","܂","","悵傤킳(̂)","","]s","gȋj",1,0,0,0,0,0
46217,"89986","8998602","܂","","悵傤܂","","]s","gh",0,0,1,0,0,0
46217,"89986","8998603","܂","","悵傤܂","","]s","gV",0,0,1,0,0,0
46217,"89986","8998604","܂","","悵傤킩","","]s","gzK",0,0,0,0,0,0
46217,"89986","8998605","܂","","悵傤ɂ̂","","]s","gV",0,0,0,0,0,0
46217,"89986","8998606","܂","","悵傤ӂ","","]s","g[",0,0,0,0,0,0
46217,"89986","8998607","܂","","悵傤ق܂","","]s","g{",0,0,1,0,0,0
46217,"89986","8998608","܂","","悵傤݂Ȃ݂̂","","]s","gV",0,0,0,0,0,0
46217,"89941","8994102","܂","","ׂ傤܂","","]s","k",0,0,0,0,0,0
46217,"89941","8994103","܂","","ׂ傤","","]s","",0,0,0,0,0,0
46217,"89941","8994101","܂","","ׂ傤݂Ȃ݂܂","","]s","얓",0,0,0,0,0,0
46218,"89943","8994300","܂","肵܂","ɂȂ΂","","s","ȉɌfڂȂꍇ",0,0,0,0,0,0
46218,"89942","8994203","܂","肵܂","肵܂","","s","E",0,0,0,0,0,0
46218,"89942","8994204","܂","肵܂","肵܂킫","","s","k",0,0,0,0,0,0
46218,"89942","8994201","܂","肵܂","肵܂","","s","c",0,0,0,0,0,0
46218,"89942","8994202","܂","肵܂","肵܂Ȃ݂","","s","i",0,0,0,0,0,0
46218,"89944","8994461","܂","肵܂","Ԃ̂","","s","Vi",0,0,0,0,0,0
46218,"89943","8994318","܂","肵܂","Ԃ̂͂炶傤̂","","s","쌴ꕶ̐X",0,0,0,0,0,0
46218,"89943","8994317","܂","肵܂","Ԃ̂͂Ă̂ρ[","","s","쌴Ă̂ρ[",0,0,0,0,0,0
46218,"89943","8994313","܂","肵܂","Ԃ킢","","s","",0,0,0,0,0,0
46218,"89943","8994316","܂","肵܂","Ԃ݂","","s","㏬",0,0,0,0,0,0
46218,"89943","8994314","܂","肵܂","Ԃ키","","s","",0,0,0,0,0,0
46218,"89943","8994303","܂","肵܂","Ԃ͂","","s","쌴",0,0,0,0,0,0
46218,"89943","8994304","܂","肵܂","Ԃ݂","","s","",0,0,0,0,0,0
46218,"89943","8994355","܂","肵܂","Ԃ̂Ƃ傤","","s","VFs",0,0,0,0,0,0
46218,"89943","8994305","܂","肵܂","Ԃ肾","","s","Sc",0,0,0,0,0,0
46218,"89944","8994462","܂","肵܂","Ԃ","","s","~",0,0,0,0,0,0
46218,"89943","8994301","܂","肵܂","ԂЂ","","s","dv",0,0,0,0,0,0
46218,"89944","8994463","܂","肵܂","Ԃ","","s","",0,0,0,0,0,0
46218,"89943","8994331","܂","肵܂","Ԃ܂傤","","s","R",0,0,0,0,0,0
46218,"89943","8994351","܂","肵܂","Ԃ܂","","s","V",0,0,0,0,0,0
46218,"89943","8994302","܂","肵܂","Ԃ݂傤","","s","䖾",0,0,0,0,0,0
46218,"89943","8994332","܂","肵܂","Ԃイ","","s","",0,0,1,0,0,0
46218,"89943","8994311","܂","肵܂","ԂȂ΂傤","","s","g",0,0,0,0,0,0
46218,"89943","8994344","܂","肵܂","Ԃ̂","","s","k",0,0,0,0,0,0
46218,"89943","8994342","܂","肵܂","Ԃ̂傤","","s","",0,0,0,0,0,0
46218,"89943","8994343","܂","肵܂","Ԃ̂ɂ","","s","",0,0,0,0,0,0
46218,"89943","8994341","܂","肵܂","Ԃ̂Ђ","","s","",0,0,0,0,0,0
46218,"89943","8994354","܂","肵܂","ԂЂ߂","","s","P",0,0,0,0,0,0
46218,"89943","8994356","܂","肵܂","ԂЂ߂݂Ȃ","","s","P",0,0,0,0,0,0
46218,"89943","8994321","܂","肵܂","ԂЂ낹","","s","L",0,0,1,0,0,0
46218,"89943","8994322","܂","肵܂","Ԃӂ","","s","",0,0,1,0,0,0
46218,"89943","8994345","܂","肵܂","Ԃӂイ","","s","{",0,0,0,0,0,0
46218,"89943","8994346","܂","肵܂","Ԃӂイ傤","","s","{",0,0,0,0,0,0
46218,"89943","8994323","܂","肵܂","Ԃ܂","","s","",0,0,0,0,0,0
46218,"89943","8994325","܂","肵܂","Ԃ܂傤","","s","ؒ",0,0,0,0,0,0
46218,"89943","8994324","܂","肵܂","Ԃ܂Ђ","","s","ؓ",0,0,0,0,0,0
46218,"89943","8994315","܂","肵܂","Ԃ݂Ȃ","","s","",0,0,0,0,0,0
46218,"89943","8994352","܂","肵܂","Ԃނ","","s","",0,0,0,0,0,0
46218,"89943","8994353","܂","肵܂","Ԃނ傤","","s","Ԓ",0,0,0,0,0,0
46218,"89943","8994312","܂","肵܂","Ԃ܂傤","","s","R",0,0,0,0,0,0
46218,"89951","8995118","܂","肵܂","͂Ƃ傤","","s","l",0,0,0,0,0,0
46218,"89951","8995116","܂","肵܂","͂Ƃ傤","","s","l",0,0,0,0,0,0
46218,"89951","8995106","܂","肵܂","͂Ƃ傤܂","","s","lRc",0,0,0,0,0,0
46218,"89951","8995105","܂","肵܂","͂Ƃ傤","","s","lc",0,0,0,0,0,0
46218,"89951","8995103","܂","肵܂","͂Ƃ傤͂","","s","ll",0,0,0,0,0,0
46218,"89951","8995113","܂","肵܂","͂Ƃ傤ꂢ","","s","l×",0,0,0,0,0,0
46218,"89951","8995114","܂","肵܂","͂Ƃ傤","","s","l",0,0,0,0,0,0
46218,"89951","8995121","܂","肵܂","͂Ƃ傤񂮂","","s","l_{",0,0,1,0,0,0
46218,"89951","8995102","܂","肵܂","͂Ƃ傤񂱂","","s","l^F",0,0,0,0,0,0
46218,"89951","8995101","܂","肵܂","͂Ƃ傤݂悵","","s","lZg",0,0,0,0,0,0
46218,"89951","8995115","܂","肵܂","͂Ƃ傤Ƃ","","s","l",0,0,0,0,0,0
46218,"89951","8995104","܂","肵܂","͂Ƃ傤݂̂","","s","lvc",0,0,0,0,0,0
46218,"89951","8995111","܂","肵܂","͂Ƃ傤Ђ߂","","s","lP",0,0,0,0,0,0
46218,"89951","8995112","܂","肵܂","͂Ƃ傤܂Ȃ","","s","li",0,0,0,0,0,0
46218,"89951","8995117","܂","肵܂","͂Ƃ傤݂","","s","l",0,0,0,0,0,0
46218,"89945","8994504","܂","肵܂","ӂ܂傤ꂢ","","s","R",0,0,0,0,0,0
46218,"89945","8994503","܂","肵܂","ӂ܂傤ӂ","","s","R",0,0,0,0,0,0
46218,"89945","8994502","܂","肵܂","ӂ܂傤ӂ","","s","Rn",0,0,0,0,0,0
46218,"89945","8994501","܂","肵܂","ӂ܂傤ӂ","","s","RR",0,0,0,0,0,0
46218,"89966","8996604","܂","肵܂","܂̂傤݂Ȃ(1896-2072΂)","","s","q㒆ÐiPWXU`QOVQԁj",1,0,0,0,0,0
46218,"89965","8996504","܂","肵܂","܂̂傤݂Ȃ(̂)","","s","q㒆Ðȋj",1,0,0,0,0,0
46218,"89966","8996602","܂","肵܂","܂̂傤񂽂ǂ(1824-2A1824-9A1824-41A","","s","qO̓iPWQS|QAPWQS|XAPWQS|SPA",1,0,0,0,0,0
46218,"89966","8996602","܂","肵܂","1835-81A1835-108A1835-109A1835-228A","","s","PWRT|WPAPWRT|POWAPWRT|POXAPWRT|QQWA",1,0,0,0,0,0
46218,"89966","8996602","܂","肵܂","1835-238A1835-253A2003-5A2003-9A","","s","PWRT|QRWAPWRT|QTRAQOOR|TAQOOR|XA",1,0,0,0,0,0
46218,"89966","8996602","܂","肵܂","2003-14A2003-17A2003-18A2057-8)","","s","QOOR|PSAQOOR|PVAQOOR|PWAQOTV|Wj",1,0,0,0,0,0
46218,"89965","8996502","܂","肵܂","܂̂傤񂽂ǂ(̂)","","s","qO̓ȋj",1,0,0,0,0,0
46218,"89965","8996506","܂","肵܂","܂̂傤Ȃ","","s","qÐ",0,0,0,0,0,0
46218,"89965","8996507","܂","肵܂","܂̂傤キڂ","","s","qhEc",0,0,0,0,0,0
46218,"89966","8996503","܂","肵܂","܂̂傤(3012-3240΂)","","s","qiROPQ`RQSOԁj",1,0,0,0,0,0
46218,"89965","8996603","܂","肵܂","܂̂傤(̂)","","s","qȋj",1,0,0,0,0,0
46218,"89966","8996601","܂","肵܂","܂̂傤܂񂺂(1400-1477΂)","","s","qViPSOO`PSVVԁj",1,0,0,0,0,0
46218,"89965","8996501","܂","肵܂","܂̂傤܂񂺂(̂)","","s","qVȋj",1,0,0,0,0,0
46218,"89965","8996505","܂","肵܂","܂̂傤܂","","s","q",0,0,0,0,0,0
46218,"89964","8996401","܂","肵܂","ׂ݂傤肩","","s","aӒL",0,0,0,0,0,0
46218,"89964","8996405","܂","肵܂","ׂ݂傤","","s","aӒX",0,0,0,0,0,0
46218,"89964","8996402","܂","肵܂","ׂ݂傤","","s","aӒ|q",0,0,0,0,0,0
46218,"89964","8996404","܂","肵܂","ׂ݂傤ӂ","","s","aӒ[",0,0,0,0,0,0
46218,"89964","8996403","܂","肵܂","ׂ݂傤݂Ȃ","","s","aӒO",0,0,0,0,0,0
46218,"89963","8996301","܂","肵܂","悱킿傤݂","","s","쒬",0,0,0,0,0,0
46218,"89963","8996302","܂","肵܂","悱킿傤","","s","쒬",0,0,0,0,0,0
46218,"89963","8996303","܂","肵܂","悱킿傤Ȃ","","s","쒬",0,0,0,0,0,0
46219,"896  ","8960000","܂","̂","ɂȂ΂","","ؖs","ȉɌfڂȂꍇ",0,0,0,0,0,0
46219,"896  ","8960061","܂","̂","傤","","ؖs","ؒ",0,0,0,0,0,0
46219,"896  ","8960001","܂","̂","ڂ̂傤","","ؖs","",0,0,0,0,0,0
46219,"896  ","8960015","܂","̂","Ђ܂","","ؖs","",0,0,0,0,0,0
46219,"896  ","8960065","܂","̂","炩","","ؖs","r",0,0,0,0,0,0
46219,"896  ","8960036","܂","̂","킿傤","","ؖs","Ya",0,0,0,0,0,0
46219,"89921","8992103","܂","̂","","","ؖs","嗢",0,0,0,0,0,0
46219,"896  ","8960011","܂","̂","͂܂","","ؖs","匴",0,0,0,0,0,0
46219,"896  ","8960025","܂","̂","炿傤","","ؖs","q",0,0,0,0,0,0
46219,"896  ","8960002","܂","̂","傤","","ؖs","t",0,0,0,0,0,0
46219,"89921","8992102","܂","̂","킩","","ؖs","",0,0,0,0,0,0
46219,"896  ","8960052","܂","̂","݂傤","","ؖs","㖼",0,0,0,0,0,0
46219,"896  ","8960051","܂","̂","ނ肾","","ؖs","",0,0,0,0,0,0
46219,"896  ","8960041","܂","̂","͂܂傤","","ؖs","kl",0,0,0,0,0,0
46219,"896  ","8960003","܂","̂","傤܂","","ؖs","",0,0,0,0,0,0
46219,"896  ","8960063","܂","̂","̂܂","","ؖs","V",0,0,0,0,0,0
46219,"896  ","8960034","܂","̂","傤","","ؖs","",0,0,0,0,0,0
46219,"896  ","8960013","܂","̂","܂","","ؖs","h",0,0,0,0,0,0
46219,"896  ","8960016","܂","̂","܂","","ؖs","",0,0,0,0,0,0
46219,"896  ","8960004","܂","̂","݂傤","","ؖs","",0,0,0,0,0,0
46219,"896  ","8960023","܂","̂","₿傤","","ؖs","",0,0,0,0,0,0
46219,"896  ","8960053","܂","̂","݂傤","","ؖs","",0,0,0,0,0,0
46219,"896  ","8960026","܂","̂","傤ǂ","","ؖs","a",0,0,0,0,0,0
46219,"896  ","8960035","܂","̂","񂹂傤","","ؖs","V",0,0,0,0,0,0
46219,"896  ","8960021","܂","̂","݂悵傤","","ؖs","Zg",0,0,0,0,0,0
46219,"896  ","8960046","܂","̂","傤","","ؖs","F",0,0,0,0,0,0
46219,"896  ","8960017","܂","̂","݂傤","","ؖs","",0,0,0,0,0,0
46219,"896  ","8960012","܂","̂","Ȃ傤","","ؖs","",0,0,0,0,0,0
46219,"896  ","8960033","܂","̂","Ȃ傤","","ؖs","蒬",0,0,0,0,0,0
46219,"896  ","8960005","܂","̂","ɂł񂿂傤","","ؖs","c",0,0,0,0,0,0
46219,"896  ","8960032","܂","̂","ɂ܂т炿傤","","ؖs","",0,0,0,0,0,0
46219,"896  ","8960044","܂","̂","ɂ͂܂傤","","ؖs","l",0,0,0,0,0,0
46219,"896  ","8960064","܂","̂","͂","","ؖs","H",0,0,0,0,0,0
46219,"896  ","8960062","܂","̂","͂܂傤","","ؖs","lc",0,0,0,0,0,0
46219,"896  ","8960006","܂","̂","Ђł񂿂傤","","ؖs","c",0,0,0,0,0,0
46219,"896  ","8960031","܂","̂","Ђ܂т炿傤","","ؖs","",0,0,0,0,0,0
46219,"896  ","8960054","܂","̂","Ђ̂ł傤","","ؖs","o",0,0,0,0,0,0
46219,"896  ","8960045","܂","̂","܂ق܂","","ؖs","܂{",0,0,0,0,0,0
46219,"896  ","8960024","܂","̂","݂݂傤","","ؖs","Z",0,0,0,0,0,0
46219,"896  ","8960022","܂","̂","݂ǂ肿傤","","ؖs","Β",0,0,0,0,0,0
46219,"896  ","8960043","܂","̂","݂ȂƂ܂","","ؖs","`",0,0,0,0,0,0
46219,"89921","8992101","܂","̂","݂ȂƂ܂","","ؖs","",0,0,0,0,0,0
46219,"896  ","8960042","܂","̂","Ƃ͂܂傤","","ؖs","{l",0,0,0,0,0,0
46219,"896  ","8960014","܂","̂","Ƃ܂","","ؖs","",0,0,0,0,0,0
46220,"897  ","8970000","܂","݂Ȃ݂܂","ɂȂ΂","","삳܎s","ȉɌfڂȂꍇ",0,0,0,0,0,0
46220,"89802","8980221","܂","݂Ȃ݂܂","炿傤(4713-5277΂)","","삳܎s","YiSVPR`TQVVԒnj",1,0,0,0,0,0
46220,"89712","8971201","܂","݂Ȃ݂܂","炿傤(̂)","","삳܎s","Yȋj",1,0,0,0,0,0
46220,"89713","8971302","܂","݂Ȃ݂܂","傤","","삳܎s","}Ԑ",0,0,0,0,0,0
46220,"89713","8971301","܂","݂Ȃ݂܂","傤","","삳܎s","}ЉY",0,0,0,0,0,0
46220,"897  ","8970004","܂","݂Ȃ݂܂","܂","","삳܎s","cRc",0,0,0,0,0,0
46220,"897  ","8970003","܂","݂Ȃ݂܂","΂","","삳܎s","c씨",0,0,0,0,0,0
46220,"89711","8971122","܂","݂Ȃ݂܂","݂Ȃ","","삳܎s","c",0,0,0,0,0,0
46220,"897  ","8970008","܂","݂Ȃ݂܂","Ƃ","","삳܎s","cn",0,0,0,0,0,0
46220,"897  ","8970007","܂","݂Ȃ݂܂","炩","","삳܎s","cT",0,0,0,0,0,0
46220,"89711","8971123","܂","݂Ȃ݂܂","͂","","삳܎s","c",0,0,0,0,0,0
46220,"897  ","8970002","܂","݂Ȃ݂܂","","","삳܎s","cc",0,0,0,0,0,0
46220,"89936","8993611","܂","݂Ȃ݂܂","ʂ","","삳܎s","cÊ",0,0,0,0,0,0
46220,"89711","8971121","܂","݂Ȃ݂܂","Ƃ΂","","삳܎s","cm",0,0,0,0,0,0
46220,"897  ","8970009","܂","݂Ȃ݂܂","́[Ɂ[","","삳܎s","ć[Ɂ[",0,0,0,0,0,0
46220,"897  ","8970031","܂","݂Ȃ݂܂","Ђق񂿂傤","","삳܎s","c{",0,0,0,0,0,0
46220,"897  ","8970005","܂","݂Ȃ݂܂","ӂƂ傤","","삳܎s","c[",0,0,0,0,0,0
46220,"897  ","8970006","܂","݂Ȃ݂܂","ق񂿂傤","","삳܎s","c{",0,0,0,0,0,0
46220,"89711","8971125","܂","݂Ȃ݂܂","܂","","삳܎s","cvR",0,0,0,0,0,0
46220,"89711","8971124","܂","݂Ȃ݂܂","݂΂","","삳܎s","c{",0,0,0,0,0,0
46220,"897  ","8970001","܂","݂Ȃ݂܂","ނ͂","","삳܎s","c",0,0,0,0,0,0
46220,"89934","8993405","܂","݂Ȃ݂܂","ۂ傤","","삳܎s","r",0,0,0,0,0,0
46220,"89935","8993516","܂","݂Ȃ݂܂","ۂ傤݂̂傤","","삳܎s","YV",0,0,0,0,0,0
46220,"89934","8993401","܂","݂Ȃ݂܂","ۂ傤","","삳܎s","",0,0,0,0,0,0
46220,"89934","8993403","܂","݂Ȃ݂܂","ۂ傤","","삳܎s","",0,0,0,0,0,0
46220,"89935","8993513","܂","݂Ȃ݂܂","ۂ傤炩","","삳܎s","",0,0,0,0,0,0
46220,"89934","8993402","܂","݂Ȃ݂܂","ۂ傤","","삳܎s","",0,0,0,0,0,0
46220,"89934","8993404","܂","݂Ȃ݂܂","ۂ傤͂","","삳܎s","",0,0,0,0,0,0
46220,"89935","8993515","܂","݂Ȃ݂܂","ۂ傤Ȃ","","삳܎s","Ö",0,0,0,0,0,0
46220,"89935","8993514","܂","݂Ȃ݂܂","ۂ傤ɂ","","삳܎s","VR",0,0,0,0,0,0
46220,"89935","8993512","܂","݂Ȃ݂܂","ۂ傤͂Ȃ","","삳܎s","Ԑ",0,0,0,0,0,0
46220,"89935","8993511","܂","݂Ȃ݂܂","ۂ傤݂₴","","삳܎s","{",0,0,0,0,0,0
46220,"89802","8980212","܂","݂Ȃ݂܂","ڂ̂傤","","삳܎s","VÒH",0,0,0,0,0,0
46220,"89802","8980211","܂","݂Ȃ݂܂","ڂ̂傤","","삳܎s","VÒvu",0,0,0,0,0,0
46220,"89801","8980102","܂","݂Ȃ݂܂","ڂ̂傤Ƃ܂","","삳܎s","VÒ",0,0,0,0,0,0
46220,"89801","8980101","܂","݂Ȃ݂܂","ڂ̂傤ڂ","","삳܎s","VÒV",0,0,0,0,0,0
46221,"89971","8997100","܂","Ԃ","ɂȂ΂","","uzus","ȉɌfڂȂꍇ",0,0,0,0,0,0
46221,"89974","8997401","܂","Ԃ","肠傤","","uzus","Lɍc",0,0,0,0,0,0
46221,"89974","8997402","܂","Ԃ","肠傤̂","","uzus","Lq",0,0,0,0,0,0
46221,"89983","8998312","܂","Ԃ","肠傤̂(ʂɁAʂ邫Aق񂶁A܂Â݂)","","uzus","L_iJAh؁A{nAȁA̒Jj",1,0,0,0,0,0
46221,"89975","8997512","܂","Ԃ","肠傤̂(̂)","","uzus","L_ȋj",1,0,0,0,0,0
46221,"89975","8997511","܂","Ԃ","肠傤͂炾","","uzus","Lc",0,0,0,0,0,0
46221,"89974","8997403","܂","Ԃ","肠傤ӂ͂()","","uzus","LHitj",1,0,0,0,0,0
46221,"89975","8997503","܂","Ԃ","肠傤ӂ͂(̂)","","uzus","LHȋj",1,0,0,0,0,0
46221,"89975","8997513","܂","Ԃ","肠傤܂","","uzus","LRd",0,0,0,0,0,0
46221,"89971","8997104","܂","Ԃ","Ԃ傤炭","","uzus","uzuy",0,0,0,0,0,0
46221,"89972","8997211","܂","Ԃ","Ԃ傤̂","","uzus","uzuVq",0,0,0,0,0,0
46221,"89971","8997103","܂","Ԃ","Ԃ傤Ԃ","","uzus","uzuuzu",0,0,0,0,0,0
46221,"89972","8997212","܂","Ԃ","Ԃ傤̂","","uzus","uzucVY",0,0,0,0,0,0
46221,"89971","8997102","܂","Ԃ","Ԃ傤傤","","uzus","uzu",0,0,0,0,0,0
46221,"89971","8997101","܂","Ԃ","Ԃ傤Ȃ","","uzus","uzuĈ",0,0,0,0,0,0
46221,"89976","8997603","܂","Ԃ","܂܂傤̂","","uzus","R쌩",0,0,0,0,0,0
46221,"89976","8997601","܂","Ԃ","܂܂傤΂","","uzus","RV",0,0,0,0,0,0
46221,"89976","8997602","܂","Ԃ","܂܂傤","","uzus","Rז",0,0,0,0,0,0
46222,"894  ","8940000","܂","܂݂","ɂȂ΂","","s","ȉɌfڂȂꍇ",0,0,0,0,0,0
46222,"89405","8940501","܂","܂݂","肿傤キ","","s","}Fh",0,0,0,0,0,0
46222,"89406","8940622","܂","܂݂","肿傤","","s","}}",0,0,0,0,0,0
46222,"89406","8940625","܂","܂݂","肿傤킩","","s","}",0,0,0,0,0,0
46222,"89405","8940507","܂","܂݂","肿傤","","s","}쐣",0,0,0,0,0,0
46222,"89405","8940511","܂","܂݂","肿傤","","s","}",0,0,0,0,0,0
46222,"89406","8940627","܂","܂݂","肿傤","","s","}m",0,0,0,0,0,0
46222,"89406","8940624","܂","܂݂","肿傤","","s","}{",0,0,0,0,0,0
46222,"89405","8940504","܂","܂݂","肿傤","","s","}ߓc",0,0,0,0,0,0
46222,"89405","8940513","܂","܂݂","肿傤Ƃ˂","","s","}Ov",0,0,0,0,0,0
46222,"89405","8940505","܂","܂݂","肿傤","","s","}",0,0,0,0,0,0
46222,"89405","8940506","܂","܂݂","肿傤Ă","","s","}ԕ",0,0,0,0,0,0
46222,"89405","8940512","܂","܂݂","肿傤Ȃ˂","","s","}v",0,0,0,0,0,0
46222,"89406","8940623","܂","܂݂","肿傤ׂ","","s","}ӗ",0,0,0,0,0,0
46222,"89405","8940502","܂","܂݂","肿傤܂","","s","}",0,0,0,0,0,0
46222,"89406","8940626","܂","܂݂","肿傤","","s","}m",0,0,0,0,0,0
46222,"89406","8940621","܂","܂݂","肿傤悤","","s","}p",0,0,0,0,0,0
46222,"89405","8940508","܂","܂݂","肿傤悤","","s","}p",0,0,0,0,0,0
46222,"89405","8940503","܂","܂݂","肿傤","","s","}a",0,0,0,0,0,0
46222,"89412","8941201","܂","܂݂","݂悤傤͂","","s","ZpΌ",0,0,0,0,0,0
46222,"89413","8941321","܂","܂݂","݂悤傤","","s","Zps",0,0,0,0,0,0
46222,"89412","8941203","܂","܂݂","݂悤傤݂","","s","Zp_",0,0,0,0,0,0
46222,"89411","8941115","܂","܂݂","݂悤傤키","","s","Zp",0,0,0,0,0,0
46222,"89411","8941111","܂","܂݂","݂悤傤","","s","Zp",0,0,0,0,0,0
46222,"89411","8941116","܂","܂݂","݂悤傤肪","","s","Zp",0,0,0,0,0,0
46222,"89412","8941202","܂","܂݂","݂悤傤ɂȂ","","s","Zp",0,0,0,0,0,0
46222,"89411","8941114","܂","܂݂","݂悤傤ЂȂ","","s","Zp",0,0,0,0,0,0
46222,"89411","8941113","܂","܂݂","݂悤傤݂","","s","Zp",0,0,0,0,0,0
46222,"89412","8941205","܂","܂݂","݂悤傤₭","","s","Zp",0,0,0,0,0,0
46222,"89413","8941304","܂","܂݂","݂悤傤(493-592΂񂿁AƂ)","","s","ZpRԁiSXR`TXQԒnAˋʁj",1,0,0,0,0,0
46222,"89412","8941204","܂","܂݂","݂悤傤(̂)","","s","ZpRԁȋj",1,0,0,0,0,0
46222,"89411","8941112","܂","܂݂","݂悤傤킹","","s","Zpa",0,0,0,0,0,0
46222,"89407","8940773","܂","܂݂","Ȃ","","s","",0,0,0,0,0,0
46222,"894  ","8940043","܂","܂݂","Ȃ","","s","m",0,0,0,0,0,0
46222,"894  ","8940041","܂","܂݂","Ȃɂ܂","","s","mV",0,0,0,0,0,0
46222,"894  ","8940042","܂","܂݂","Ȃɂ傤","","s","m",0,0,0,0,0,0
46222,"894  ","8940061","܂","܂݂","ȂЂ傤","","s","",0,0,0,0,0,0
46222,"89403","8940351","܂","܂݂","Ȃ","","s","ԕ",0,0,0,0,0,0
46222,"894  ","8940002","܂","܂݂","Ȃ","","s","L",0,0,0,0,0,0
46222,"894  ","8940062","܂","܂݂","Ȃ₿傤","","s","L",0,0,0,0,0,0
46222,"89403","8940352","܂","܂݂","Ȃ","","s","L",0,0,0,0,0,0
46222,"894  ","8940011","܂","܂݂","Ȃ񂪂傤","","s","",0,0,0,0,0,0
46222,"894  ","8940017","܂","܂݂","Ȃ΂傤","","s","΋",0,0,0,0,0,0
46222,"89407","8940774","܂","܂݂","ȂԂ","","s","ɒÕ",0,0,0,0,0,0
46222,"894  ","8940021","܂","܂݂","ȂԂ傤","","s","ɒÕ",0,0,0,0,0,0
46222,"894  ","8940024","܂","܂݂","Ȃ˂傤","","s","䍪",0,0,0,0,0,0
46222,"894  ","8940034","܂","܂݂","Ȃӂ˂傤","","s","M",0,0,0,0,0,0
46222,"89401","8940108","܂","܂݂","Ȃ炪(܂)","","s","Yij",1,0,0,0,0,0
46222,"894  ","8940008","܂","܂݂","Ȃ炪(̂)","","s","Yȋj",1,0,0,0,0,0
46222,"894  ","8940068","܂","܂݂","Ȃ炪݂傤","","s","Y㒬",0,0,0,0,0,0
46222,"894  ","8940013","܂","܂݂","Ȃ傤","","s","t",0,0,0,0,0,0
46222,"894  ","8940031","܂","܂݂","Ȃ˂傤","","s","v",0,0,0,0,0,0
46222,"894  ","8940022","܂","܂݂","ȂƂ傤","","s","v",0,0,0,0,0,0
46222,"894  ","8940046","܂","܂݂","Ȃキ","","s","h",0,0,0,0,0,0
46222,"894  ","8940006","܂","܂݂","Ȃ͂܂傤","","s","l",0,0,0,0,0,0
46222,"894  ","8940012","܂","܂݂","Ȃ܂傤","","s","",0,0,0,0,0,0
46222,"89407","8940771","܂","܂݂","Ȃ݂Ȃ","","s","",0,0,0,0,0,0
46222,"894  ","8940025","܂","܂݂","Ȃ킢傤","","s","K",0,0,0,0,0,0
46222,"89407","8940776","܂","܂݂","Ȃ΂","","s","茴",0,0,0,0,0,0
46222,"894  ","8940005","܂","܂݂","Ȃ܂傤","","s","F",0,0,0,0,0,0
46222,"894  ","8940035","܂","܂݂","Ȃ͂܂傤","","s","l",0,0,0,0,0,0
46222,"894  ","8940027","܂","܂݂","ȂЂ낿傤","","s","L",0,0,0,0,0,0
46222,"894  ","8940001","܂","܂݂","Ȃ","","s","F",0,0,0,0,0,0
46222,"894  ","8940047","܂","܂݂","ȂȂ","","s","m",0,0,0,0,0,0
46222,"894  ","8940003","܂","܂݂","ȂȂ","","s","",0,0,0,0,0,0
46222,"894  ","8940063","܂","܂݂","ȂȂ傤","","s","",0,0,0,0,0,0
46222,"894  ","8940023","܂","܂݂","ȂȂ傤","","s","ic",0,0,0,0,0,0
46222,"894  ","8940036","܂","܂݂","ȂȂ͂܂傤","","s","l",0,0,0,0,0,0
46222,"89407","8940775","܂","܂݂","ȂȂ","","s","",0,0,0,0,0,0
46222,"89407","8940772","܂","܂݂","ȂɂȂ","","s","",0,0,0,0,0,0
46222,"894  ","8940048","܂","܂݂","Ȃ˂","","s","",0,0,0,0,0,0
46222,"894  ","8940004","܂","܂݂","Ȃ͂Ƃ͂܂傤","","s","l",0,0,0,0,0,0
46222,"894  ","8940044","܂","܂݂","Ȃ͂܂Ƃ傤","","s","l",0,0,0,0,0,0
46222,"894  ","8940014","܂","܂݂","ȂЂ炽傤","","s","c",0,0,0,0,0,0
46222,"894  ","8940045","܂","܂݂","ȂЂ܂傤","","s","",0,0,0,0,0,0
46222,"894  ","8940016","܂","܂݂","Ȃӂ邽傤","","s","Óc",0,0,0,0,0,0
46222,"894  ","8940015","܂","܂݂","Ȃ܂ȂÂ傤","","s","^Ò",0,0,0,0,0,0
46222,"894  ","8940026","܂","܂݂","Ȃ݂ȂƂ܂","","s","`",0,0,0,0,0,0
46222,"894  ","8940032","܂","܂݂","ȂȂ܂","","s","",0,0,0,0,0,0
46222,"894  ","8940033","܂","܂݂","Ȃ̂킫傤","","s","Ve",0,0,0,0,0,0
46222,"894  ","8940007","܂","܂݂","Ȃ킱傤","","s","a",0,0,0,0,0,0
46303,"890  ","8900000","܂","܂݂܂ނ","ɂȂ΂","","SO","ȉɌfڂȂꍇ",0,0,0,1,0,0
46303,"890  ","8900901","܂","܂݂܂ނ","","","SO","",0,0,0,0,0,0
46303,"890  ","8900902","܂","܂݂܂ނ","낵","","SO","",0,0,0,0,0,0
46303,"890  ","8900903","܂","܂݂܂ނ","","","SO","|",0,0,0,0,0,0
46304,"89152","8915200","܂","܂Ƃ܂ނ","ɂȂ΂","","S\","ȉɌfڂȂꍇ",0,0,0,0,0,0
46304,"89152","8915204","܂","܂Ƃ܂ނ","","","S\","Γ",0,0,0,0,0,0
46304,"89151","8915101","܂","܂Ƃ܂ނ","̂","","S\","V",0,0,0,0,0,0
46304,"89152","8915205","܂","܂Ƃ܂ނ","炶","","S\","",0,0,0,0,0,0
46304,"89152","8915203","܂","܂Ƃ܂ނ","̂","","S\","zKV",0,0,0,0,0,0
46304,"89152","8915202","܂","܂Ƃ܂ނ","炶","","S\","",0,0,0,0,0,0
46304,"89153","8915301","܂","܂Ƃ܂ނ","炶","","S\","",0,0,0,0,0,0
46304,"89152","8915201","܂","܂Ƃ܂ނ","Ȃ̂","","S\","V",0,0,0,0,0,0
46323,"89107","8910700","܂","Ԃ񂦂傤","ɂȂ΂","","KhSo","ȉɌfڂȂꍇ",0,0,0,0,0,0
46323,"89107","8910705","܂","Ԃ񂦂傤","ׂ݂","","KhSo","ʕ{",0,0,0,0,0,0
46323,"89107","8910701","܂","Ԃ񂦂傤","","","KhSo","S",0,0,0,0,0,0
46323,"89107","8910703","܂","Ԃ񂦂傤","傤","","KhSo","",0,0,0,0,0,0
46323,"89107","8910704","܂","Ԃ񂦂傤","ׂ","","KhSo","ʕ{",0,0,0,0,0,0
46323,"89107","8910702","܂","Ԃ񂦂傤","܂̂","","KhSo","qV",0,0,0,0,0,0
46344,"89703","8970300","܂","Ȃׂ񂿂񂿂傤","ɂȂ΂","","ӌSm","ȉɌfڂȂꍇ",0,0,0,0,0,0
46344,"89703","8970301","܂","Ȃׂ񂿂񂿂傤","","","ӌSm","n",0,0,0,0,0,0
46344,"89703","8970302","܂","Ȃׂ񂿂񂿂傤","","","ӌSm","S",0,0,0,0,0,0
46344,"89109","8910911","܂","Ȃׂ񂿂񂿂傤","","","ӌSm","",0,0,0,0,0,0
46344,"89703","8970305","܂","Ȃׂ񂿂񂿂傤","","","ӌSm","",0,0,0,0,0,0
46344,"89703","8970303","܂","Ȃׂ񂿂񂿂傤","Ȃ","","ӌSm","i",0,0,0,0,0,0
46344,"89703","8970306","܂","Ȃׂ񂿂񂿂傤","ɂ","","ӌSm","",0,0,0,0,0,0
46344,"89703","8970304","܂","Ȃׂ񂿂񂿂傤","Ђׂ","","ӌSm","ʕ{",0,0,0,0,0,0
46344,"89109","8910912","܂","Ȃׂ񂿂񂿂傤","݂Ȃׂ݂","","ӌSm","ʕ{",0,0,0,0,0,0
46345,"89702","8970200","܂","Ȃׂ񂩂Ȃׂ傤","ɂȂ΂","","ӌSӒ","ȉɌfڂȂꍇ",0,0,0,0,0,0
46345,"89702","8970212","܂","Ȃׂ񂩂Ȃׂ傤","܂","","ӌSӒ","c",0,0,0,0,0,0
46345,"89702","8970213","܂","Ȃׂ񂩂Ȃׂ傤","","","ӌSӒ","",0,0,0,0,0,0
46345,"89701","8970131","܂","Ȃׂ񂩂Ȃׂ傤","݂܂","","ӌSӒ","Rc",0,0,0,0,0,0
46345,"89702","8970202","܂","Ȃׂ񂩂Ȃׂ傤","݂","","ӌSӒ","",0,0,0,0,0,0
46345,"89702","8970201","܂","Ȃׂ񂩂Ȃׂ傤","ǂ","","ӌSӒ","_a",0,0,0,0,0,0
46345,"89701","8970133","܂","Ȃׂ񂩂Ȃׂ傤","܂","","ӌSӒ","Rc",0,0,0,0,0,0
46345,"89702","8970223","܂","Ȃׂ񂩂Ȃׂ傤","","","ӌSӒ","c",0,0,0,0,0,0
46345,"89702","8970221","܂","Ȃׂ񂩂Ȃׂ傤","ׂ","","ӌSӒ","cc",0,0,0,0,0,0
46345,"89701","8970132","܂","Ȃׂ񂩂Ȃׂ傤","Ȃ܂","","ӌSӒ","Rc",0,0,0,0,0,0
46345,"89702","8970222","܂","Ȃׂ񂩂Ȃׂ傤","Ȃ","","ӌSӒ","ic",0,0,0,0,0,0
46345,"89702","8970203","܂","Ȃׂ񂩂Ȃׂ傤","̂","","ӌSӒ","",0,0,0,0,0,0
46345,"89702","8970205","܂","Ȃׂ񂩂Ȃׂ傤","̂","","ӌSӒ","",0,0,0,0,0,0
46345,"89702","8970215","܂","Ȃׂ񂩂Ȃׂ傤","Ђ","","ӌSӒ","R",0,0,0,0,0,0
46345,"89702","8970204","܂","Ȃׂ񂩂Ȃׂ傤","ӂƂ","","ӌSӒ","Óa",0,0,0,0,0,0
46345,"89702","8970214","܂","Ȃׂ񂩂Ȃׂ傤","݂","","ӌSӒ","{",0,0,0,0,0,0
46345,"89702","8970224","܂","Ȃׂ񂩂Ȃׂ傤","Ƃׂ","","ӌSӒ","{ʕ{",0,0,0,0,0,0
46345,"89702","8970211","܂","Ȃׂ񂩂Ȃׂ傤","傤","","ӌSӒ","Y",0,0,0,0,0,0
46392,"89518","8951800","܂","܂񂳂܂傤","ɂȂ΂","","FSܒ","ȉɌfڂȂꍇ",0,0,0,0,0,0
46392,"89518","8951814","܂","܂񂳂܂傤","Ђ܂","","FSܒ","",0,0,0,0,0,0
46392,"89521","8952104","܂","܂񂳂܂傤","΂","","FSܒ","",0,0,0,0,0,0
46392,"89521","8952131","܂","܂񂳂܂傤","","","FSܒ","A",0,0,0,0,0,0
46392,"89517","8951722","܂","܂񂳂܂傤","Ԃ","","FSܒ","vx",0,0,0,0,0,0
46392,"89522","8952201","܂","܂񂳂܂傤","݂傤","","FSܒ","",0,0,0,0,0,0
46392,"89521","8952102","܂","܂񂳂܂傤","","","FSܒ","_q",0,0,0,0,0,0
46392,"89521","8952103","܂","܂񂳂܂傤","","","FSܒ","",0,0,0,0,0,0
46392,"89518","8951805","܂","܂񂳂܂傤","炨","","FSܒ","j",0,0,0,0,0,0
46392,"89518","8951802","܂","܂񂳂܂傤","΂","","FSܒ","c",0,0,0,0,0,0
46392,"89521","8952101","܂","܂񂳂܂傤","邾","","FSܒ","ߓc",0,0,0,0,0,0
46392,"89518","8951816","܂","܂񂳂܂傤","Ƃ悵","","FSܒ","g",0,0,0,0,0,0
46392,"89518","8951813","܂","܂񂳂܂傤","Ƃǂ܂","","FSܒ","",0,0,0,0,0,0
46392,"89518","8951806","܂","܂񂳂܂傤","Ƃ܂","","FSܒ","",0,0,0,0,0,0
46392,"89518","8951811","܂","܂񂳂܂傤","Ƃ炢","","FSܒ","Ջ",0,0,0,0,0,0
46392,"89518","8951812","܂","܂񂳂܂傤","Ƃ炢܂","","FSܒ","Ջ",0,0,0,0,0,0
46392,"89522","8952202","܂","܂񂳂܂傤","Ȃ","","FSܒ","Ð",0,0,0,0,0,0
46392,"89522","8952203","܂","܂񂳂܂傤","Ȃ","","FSܒ","i",0,0,0,0,0,0
46392,"89518","8951815","܂","܂񂳂܂傤","ɂ܂","","FSܒ","V",0,0,0,0,0,0
46392,"89518","8951807","܂","܂񂳂܂傤","Ђ炩","","FSܒ","",0,0,0,0,0,0
46392,"89518","8951801","܂","܂񂳂܂傤","Ђ낹","","FSܒ","L",0,0,0,0,0,0
46392,"89517","8951723","܂","܂񂳂܂傤","ӂ킽","","FSܒ","n",0,0,0,0,0,0
46392,"89518","8951804","܂","܂񂳂܂傤","ӂȂ","","FSܒ","D",0,0,0,0,0,0
46392,"89518","8951803","܂","܂񂳂܂傤","݂̂傤₿","","FSܒ","{V鉮n",0,0,0,0,0,0
46392,"89517","8951721","܂","܂񂳂܂傤","܂","","FSܒ","R",0,0,0,0,0,0
46392,"89518","8951817","܂","܂񂳂܂傤","䂾","","FSܒ","c",0,0,0,0,0,0
46404,"89914","8991400","܂","݂Ȃ܂傤","ɂȂ΂","","oS","ȉɌfڂȂꍇ",0,0,0,0,0,0
46404,"89914","8991402","܂","݂Ȃ܂傤","炻","","oS","Y",0,0,0,0,0,0
46404,"89912","8991212","܂","݂Ȃ܂傤","Ƃ","","oS","쏰",0,0,0,0,0,0
46404,"89913","8991301","܂","݂Ȃ܂傤","̂","","oS","V",0,0,0,0,0,0
46404,"89913","8991303","܂","݂Ȃ܂傤","","","oS","w]",0,0,0,0,0,0
46404,"89915","8991501","܂","݂Ȃ܂傤","","","oS","q",0,0,0,0,0,0
46404,"89912","8991321","܂","݂Ȃ܂傤","܂ǂ","","oS","R",0,0,0,0,0,0
46404,"89913","8991304","܂","݂Ȃ܂傤","傤키","","oS","",0,0,0,0,0,0
46404,"89914","8991403","܂","݂Ȃ܂傤","傤","","oS","Y",0,0,0,0,0,0
46404,"89914","8991401","܂","݂Ȃ܂傤","̂","","oS","鑃",0,0,0,0,0,0
46404,"89913","8991302","܂","݂Ȃ܂傤","Ђ炨","","oS","",0,0,0,0,0,0
46404,"89912","8991211","܂","݂Ȃ܂傤","܂ǂ","","oS","R",0,0,0,0,0,0
46421,"89527","8952700","܂","Ђ肿傤","ɂȂ΂","","ɍSH","ȉɌfڂȂꍇ",0,0,0,0,0,0
46421,"89528","8952811","܂","Ђ肿傤","炽","","ɍSH","rc",0,0,0,0,0,0
46421,"89527","8952704","܂","Ђ肿傤","","","ɍSH","sR",0,0,0,0,0,0
46421,"89528","8952812","܂","Ђ肿傤","݂Ȃ","","ɍSH","",0,0,0,0,0,0
46421,"89527","8952708","܂","Ђ肿傤","킫","","ɍSH","k",0,0,0,0,0,0
46421,"89527","8952705","܂","Ђ肿傤","Ƃ","","ɍSH","d",0,0,0,0,0,0
46421,"89527","8952702","܂","Ђ肿傤","","","ɍSH","",0,0,0,0,0,0
46421,"89527","8952706","܂","Ђ肿傤","Ȃ","","ɍSH","c",0,0,0,0,0,0
46421,"89527","8952707","܂","Ђ肿傤","Ƃ","","ɍSH","",0,0,0,0,0,0
46421,"89527","8952703","܂","Ђ肿傤","͂Ȃ","","ɍSH","Ԗk",0,0,0,0,0,0
46421,"89527","8952701","܂","Ђ肿傤","܂","","ɍSH","O",0,0,0,0,0,0
46421,"89528","8952813","܂","Ђ肿傤","݂Ȃ݂","","ɍSH","Y",0,0,0,0,0,0
46441,"89952","8995200","܂","炮񂩂傤","ɂȂ΂","","ǌSؒ","ȉɌfڂȂꍇ",0,0,0,0,0,0
46441,"89952","8995213","܂","炮񂩂傤","Ђ܂","","ǌSؒ","",0,0,0,0,0,0
46441,"89952","8995214","܂","炮񂩂傤","܂","","ǌSؒ","",0,0,0,0,0,0
46441,"89952","8995241","܂","炮񂩂傤","","","ǌSؒ","ؓc",0,0,0,0,0,0
46441,"89952","8995222","܂","炮񂩂傤","񂱂܂","","ǌSؒ","э]",0,0,0,0,0,0
46441,"89952","8995203","܂","炮񂩂傤","܂","","ǌSؒ","Rc",0,0,0,0,0,0
46441,"89952","8995223","܂","炮񂩂傤","񂹂܂","","ǌSؒ","V",0,0,0,0,0,0
46441,"89952","8995211","܂","炮񂩂傤","Ƃ݂܂","","ǌSؒ","Vx",0,0,0,0,0,0
46441,"89952","8995212","܂","炮񂩂傤","܂","","ǌSؒ","zK",0,0,0,0,0,0
46441,"89952","8995231","܂","炮񂩂傤","","","ǌSؒ","y",0,0,0,0,0,0
46441,"89952","8995201","܂","炮񂩂傤","ɂׂ","","ǌSؒ","ʕ{",0,0,0,0,0,0
46441,"89952","8995204","܂","炮񂩂傤","Ђ","","ǌSؒ","؎R",0,0,0,0,0,0
46441,"89952","8995202","܂","炮񂩂傤","ւ","","ǌSؒ","Ӑ",0,0,0,0,0,0
46441,"89952","8995221","܂","炮񂩂傤","݂ȂƂ܂","","ǌSؒ","`",0,0,0,0,0,0
46441,"89952","8995215","܂","炮񂩂傤","Ƃ܂","","ǌSؒ","{",0,0,0,0,0,0
46442,"89954","8995400","܂","炮񂠂炿傤","ɂȂ΂","","ǌSǒ","ȉɌfڂȂꍇ",0,0,0,0,0,0
46442,"89956","8995653","܂","炮񂠂炿傤","܂܂","","ǌSǒ","r",0,0,0,0,0,0
46442,"89955","8995544","܂","炮񂠂炿傤","","","ǌSǒ","R",0,0,0,0,0,0
46442,"89955","8995542","܂","炮񂠂炿傤","݂݂傤","","ǌSǒ","㖼",0,0,0,0,0,0
46442,"89955","8995541","܂","炮񂠂炿傤","","","ǌSǒ","kR",0,0,0,0,0,0
46442,"89955","8995545","܂","炮񂠂炿傤","Â","","ǌSǒ","ؒÎu",0,0,0,0,0,0
46442,"89954","8995412","܂","炮񂠂炿傤","񂶂傤","","ǌSǒ","OE",0,0,0,0,0,0
46442,"89955","8995543","܂","炮񂠂炿傤","݂傤","","ǌSǒ","",0,0,0,0,0,0
46442,"89954","8995405","܂","炮񂠂炿傤","݂悵","","ǌSǒ","Zg",0,0,0,0,0,0
46442,"89954","8995401","܂","炮񂠂炿傤","Ă炵","","ǌSǒ","t",0,0,0,0,0,0
46442,"89954","8995413","܂","炮񂠂炿傤","Ƃǂ","","ǌSǒ","L",0,0,0,0,0,0
46442,"89954","8995402","܂","炮񂠂炿傤","Ȃ","","ǌSǒ","Ö",0,0,0,0,0,0
46442,"89956","8995654","܂","炮񂠂炿傤","Ȃ܂","","ǌSǒ","ir",0,0,0,0,0,0
46442,"89954","8995404","܂","炮񂠂炿傤","Ȃ","","ǌSǒ","i",0,0,0,0,0,0
46442,"89954","8995411","܂","炮񂠂炿傤","Ȃׂ","","ǌSǒ","q",0,0,0,0,0,0
46442,"89956","8995656","܂","炮񂠂炿傤","ɂ","","ǌSǒ","",0,0,1,0,0,0
46442,"89954","8995433","܂","炮񂠂炿傤","ɂ݂₶܂܂","","ǌSǒ","{",0,0,0,0,0,0
46442,"89954","8995431","܂","炮񂠂炿傤","ɂ","","ǌSǒ","Uc",0,0,0,0,0,0
46442,"89954","8995421","܂","炮񂠂炿傤","Ђ","","ǌSǒ","Uc",0,0,0,0,0,0
46442,"89956","8995652","܂","炮񂠂炿傤","Ђ܂","","ǌSǒ","",0,0,0,0,0,0
46442,"89954","8995414","܂","炮񂠂炿傤","ӂ݂","","ǌSǒ","[",0,0,0,0,0,0
46442,"89956","8995655","܂","炮񂠂炿傤","ӂȂ","","ǌSǒ","D",0,0,0,0,0,0
46442,"89954","8995403","܂","炮񂠂炿傤","܂","","ǌSǒ","c",0,0,0,0,0,0
46442,"89954","8995432","܂","炮񂠂炿傤","݂₶܂܂","","ǌSǒ","{",0,0,0,0,0,0
46442,"89956","8995651","܂","炮񂠂炿傤","킫","","ǌSǒ","e",0,0,0,0,0,0
46443,"89953","8995300","܂","炮񂩂傤","ɂȂ΂","","ǌS","ȉɌfڂȂꍇ",0,0,0,0,0,0
46443,"89953","8995301","܂","炮񂩂傤","邵","","ǌS","",0,0,0,0,0,0
46443,"89953","8995302","܂","炮񂩂傤","݂イƂ","","ǌS","v",0,0,0,0,0,0
46443,"89953","8995303","܂","炮񂩂傤","","","ǌS","k",0,0,0,0,0,0
46443,"89953","8995304","܂","炮񂩂傤","イƂ","","ǌS","v",0,0,0,0,0,0
46443,"89953","8995305","܂","炮񂩂傤","炨","","ǌS","j",0,0,0,0,0,0
46443,"89953","8995306","܂","炮񂩂傤","ɂ","","ǌS","Y",0,0,0,0,0,0
46443,"89953","8995307","܂","炮񂩂傤","Ђ","","ǌS","v",0,0,0,0,0,0
46443,"89953","8995308","܂","炮񂩂傤","˂܂","","ǌS","Ċ",0,0,0,0,0,0
46452,"89962","8996200","܂","炮䂤傤","ɂȂ΂","","ǌSN","ȉɌfڂȂꍇ",0,0,0,0,0,0
46452,"89962","8996204","܂","炮䂤傤","Ȃ΂","","ǌSN","t",0,0,0,0,0,0
46452,"89961","8996103","܂","炮䂤傤","킻","","ǌSN","Y",0,0,0,0,0,0
46452,"89961","8996104","܂","炮䂤傤","ɂ","","ǌSN","쐼",0,0,0,0,0,0
46452,"89962","8996202","܂","炮䂤傤","","","ǌSN","k",0,0,0,0,0,0
46452,"89962","8996205","܂","炮䂤傤","","","ǌSN","Kc",0,0,0,0,0,0
46452,"89962","8996201","܂","炮䂤傤","","","ǌSN","؏",0,0,0,0,0,0
46452,"89962","8996203","܂","炮䂤傤","΂","","ǌSN","c",0,0,0,0,0,0
46452,"89962","8996206","܂","炮䂤傤","˂","","ǌSN","P",0,0,0,0,0,0
46452,"89961","8996101","܂","炮䂤傤","܂","","ǌSN","ߊ",0,0,0,0,0,0
46452,"89961","8996102","܂","炮䂤傤","Ȃ","","ǌSN","Ð",0,0,0,0,0,0
46452,"89961","8996105","܂","炮䂤傤","͂ɂႶ","","ǌSN","ʎ᎛",0,0,0,0,0,0
46452,"89962","8996207","܂","炮䂤傤","˂Ȃ","","ǌSN","ĉi",0,0,0,0,0,0
46468,"89973","8997300","܂","񂨂傤","ɂȂ΂","","]S蒬","ȉɌfڂȂꍇ",0,0,0,0,0,0
46468,"89973","8997309","܂","񂨂傤","܂","","]S蒬","䖓",0,0,0,0,0,0
46468,"89973","8997308","܂","񂨂傤","ׂ","","]S蒬","ʕ{",0,0,0,0,0,0
46468,"89973","8997305","܂","񂨂傤","肶キ","","]S蒬","h",0,0,0,0,0,0
46468,"89973","8997302","܂","񂨂傤","傤","","]S蒬","_",0,0,0,0,0,0
46468,"89973","8997306","܂","񂨂傤","Ȃ悵","","]S蒬","ig",0,0,0,0,0,0
46468,"89983","8998313","܂","񂨂傤","̂","","]S蒬","",0,0,0,0,0,0
46468,"89973","8997301","܂","񂨂傤","Ђ","","]S蒬","Hc",0,0,0,0,0,0
46468,"89973","8997303","܂","񂨂傤","܂܂","","]S蒬","v",0,0,0,0,0,0
46468,"89973","8997307","܂","񂨂傤","ǂ","","]S蒬","",0,0,0,0,0,0
46468,"89973","8997304","܂","񂨂傤","悱","","]S蒬","",0,0,0,0,0,0
46482,"89316","8931600","܂","Ђ炿傤","ɂȂ΂","","̑Sǒ","ȉɌfڂȂꍇ",0,0,0,0,0,0
46482,"89316","8931612","܂","Ђ炿傤","̂͂","","̑Sǒ","rV",0,0,0,0,0,0
46482,"89316","8931611","܂","Ђ炿傤","Ђ","","̑Sǒ","O",0,0,0,0,0,0
46482,"89316","8931615","܂","Ђ炿傤","Ђ","","̑Sǒ","쓌",0,0,0,0,0,0
46482,"89316","8931613","܂","Ђ炿傤","ɂ","","̑Sǒ","쐼",0,0,0,0,0,0
46482,"89316","8931614","܂","Ђ炿傤","񂩂ɂ","","̑Sǒ","V쐼",0,0,0,0,0,0
46490,"89323","8932300","܂","񂫂񂱂傤","ɂȂ΂","","̑Sэ]","ȉɌfڂȂꍇ",0,0,0,0,0,0
46490,"89323","8932301","܂","񂫂񂱂傤","݂","","̑Sэ]","_",0,0,0,0,0,0
46490,"89323","8932302","܂","񂫂񂱂傤","","","̑Sэ]","錳",0,0,0,0,0,0
46490,"89324","8932402","܂","񂫂񂱂傤","납͂","","̑Sэ]","c쌴",0,0,0,0,0,0
46490,"89324","8932401","܂","񂫂񂱂傤","ӂ","","̑Sэ]","c[",0,0,0,0,0,0
46490,"89323","8932303","܂","񂫂񂱂傤","΂","","̑Sэ]","n",0,0,0,0,0,0
46491,"89325","8932500","܂","݂Ȃ݂݂傤","ɂȂ΂","","̑S","ȉɌfڂȂꍇ",0,0,0,0,0,0
46491,"89326","8932601","܂","݂Ȃ݂݂傤","","","̑S","ɍ~",0,0,0,0,0,0
46491,"89326","8932603","܂","݂Ȃ݂݂傤","","","̑S","S",0,0,0,0,0,0
46491,"89326","8932602","܂","݂Ȃ݂݂傤","ւ","","̑S","Ӓ",0,0,0,0,0,0
46491,"89326","8932604","܂","݂Ȃ݂݂傤","܂","","̑S","n",0,0,0,0,0,0
46491,"89325","8932501","܂","݂Ȃ݂݂傤","˂߂킫","","̑S","k",0,0,0,0,0,0
46491,"89325","8932502","܂","݂Ȃ݂݂傤","˂߂݂Ȃ","","̑S","",0,0,0,0,0,0
46491,"89325","8932505","܂","݂Ȃ݂݂傤","˂߂ւ","","̑S","ӓc",0,0,0,0,0,0
46491,"89325","8932504","܂","݂Ȃ݂݂傤","˂߂܂","","̑S","R{",0,0,0,0,0,0
46491,"89325","8932503","܂","݂Ȃ݂݂傤","˂߂悱ׂ","","̑S","艡ʕ{",0,0,0,0,0,0
46492,"89312","8931200","܂","񂫂傤","ɂȂ΂","","̑S̕t","ȉɌfڂȂꍇ",0,0,0,0,0,0
46492,"89312","8931203","܂","񂫂傤","낾","","̑S̕t","c",0,0,0,0,0,0
46492,"89315","8931511","܂","񂫂傤","","","̑S̕t","ݗ",0,0,0,0,0,0
46492,"89314","8931401","܂","񂫂傤","","","̑S̕t","k",0,0,0,0,0,0
46492,"89312","8931204","܂","񂫂傤","Ƃ݂","","̑S̕t","xR",0,0,0,0,0,0
46492,"89312","8931207","܂","񂫂傤","ɂƂ","","̑S̕t","Vx",0,0,0,0,0,0
46492,"89312","8931201","܂","񂫂傤","̂","","̑S̕t","",0,0,0,0,0,0
46492,"89312","8931202","܂","񂫂傤","͂","","̑S̕t","g",0,0,0,0,0,0
46492,"89312","8931206","܂","񂫂傤","܂","","̑S̕t","Oc",0,0,0,0,0,0
46492,"89314","8931402","܂","񂫂傤","݂Ȃ݂","","̑S̕t","",0,0,0,0,0,0
46492,"89312","8931205","܂","񂫂傤","݂₰","","̑S̕t","{",0,0,0,0,0,0
46501,"89136","8913600","܂","܂Ȃ˂傤","ɂȂ΂","","FьSq","ȉɌfڂȂꍇ",0,0,0,0,0,0
46501,"89136","8913606","܂","܂Ȃ˂傤","","","FьSq","",0,0,0,0,0,0
46501,"89136","8913607","܂","܂Ȃ˂傤","","","FьSq","c",0,0,0,0,0,0
46501,"89136","8913601","܂","܂Ȃ˂傤","̂","","FьSq","[",0,0,0,0,0,0
46501,"89136","8913604","܂","܂Ȃ˂傤","̂","","FьSq","",0,0,0,0,0,0
46501,"89136","8913602","܂","܂Ȃ˂傤","܂","","FьSq","q",0,0,0,0,0,0
46501,"89136","8913603","܂","܂Ȃ˂傤","܂","","FьSq","c",0,0,0,0,0,0
46501,"89136","8913605","܂","܂Ȃ˂傤","䂭","","FьSq","v",0,0,0,0,0,0
46502,"89137","8913700","܂","܂݂Ȃ݂˂傤","ɂȂ΂","","FьSq","ȉɌfڂȂꍇ",0,0,0,0,0,0
46502,"89137","8913703","܂","܂݂Ȃ݂˂傤","Ȃ","","FьSq","si",0,0,0,0,0,0
46502,"89137","8913706","܂","܂݂Ȃ݂˂傤","܂","","FьSq","",0,0,0,0,0,0
46502,"89137","8913701","܂","܂݂Ȃ݂˂傤","Ȃ̂","","FьSq","V",0,0,0,0,0,0
46502,"89137","8913704","܂","܂݂Ȃ݂˂傤","Ȃ̂","","FьSq","V",0,0,0,0,0,0
46502,"89137","8913705","܂","܂݂Ȃ݂˂傤","ɂ","","FьSq","V",0,0,0,0,0,0
46502,"89137","8913702","܂","܂݂Ȃ݂˂傤","Ђ","","FьSq","R",0,0,0,0,0,0
46503,"89142","8914200","܂","܂񂩂݂₭傤","ɂȂ΂","","FьS㉮v","ȉɌfڂȂꍇ",0,0,0,0,0,0
46503,"89142","8914203","܂","܂񂩂݂₭傤","","","FьS㉮v","ꖩ",0,0,0,0,0,0
46503,"89142","8914206","܂","܂񂩂݂₭傤","","","FьS㉮v","",0,0,0,0,0,0
46503,"89142","8914208","܂","܂񂩂݂₭傤","Ԃ","","FьS㉮v","iǕ",0,0,0,0,0,0
46503,"89142","8914207","܂","܂񂩂݂₭傤","","","FьS㉮v","c",0,0,0,0,0,0
46503,"89142","8914204","܂","܂񂩂݂₭傤","Ƃ","","FьS㉮v","uˎq",0,0,0,0,0,0
46503,"89142","8914201","܂","܂񂩂݂₭傤","Ȃ","","FьS㉮v","ic",0,0,0,0,0,0
46503,"89142","8914205","܂","܂񂩂݂₭傤","݂̂","","FьS㉮v","{VY",0,0,0,0,0,0
46503,"89142","8914202","܂","܂񂩂݂₭傤","悵","","FьS㉮v","gc",0,0,0,0,0,0
46504,"89143","8914300","܂","܂₭傤","ɂȂ΂","","FьSv","ȉɌfڂȂꍇ",0,0,0,0,0,0
46504,"89143","8914311","܂","܂₭傤","ڂ","","FьSv","[",0,0,0,0,0,0
46504,"89144","8914404","܂","܂₭傤","̂","","FьSv","V",0,0,0,0,0,0
46504,"89144","8914409","܂","܂₭傤","肨","","FьSv","I",0,0,0,0,0,0
46504,"89144","8914405","܂","܂₭傤","","","FьSv","",0,0,0,0,0,0
46504,"89144","8914401","܂","܂₭傤","т","","FьSv","",0,0,0,0,0,0
46504,"89144","8914408","܂","܂₭傤","Ȃ","","FьSv","",0,0,0,0,0,0
46504,"89144","8914403","܂","܂₭傤","͂","","FьSv","",0,0,0,0,0,0
46504,"89144","8914406","܂","܂₭傤","Ђ炤","","FьSv","",0,0,0,0,0,0
46504,"89143","8914312","܂","܂₭傤","ӂȂ䂫","","FьSv","Ds",0,0,0,0,0,0
46504,"89144","8914402","܂","܂₭傤","ނ","","FьSv","",0,0,0,0,0,0
46504,"89144","8914407","܂","܂₭傤","ǂ܂","","FьSv","",0,0,0,0,0,0
46523,"89431","8943100","܂","܂܂Ƃ","ɂȂ΂","","哇Sa","ȉɌfڂȂꍇ",0,0,0,0,0,0
46523,"89432","8943214","܂","܂܂Ƃ","܂","","哇Sa","",0,0,0,0,0,0
46523,"89431","8943107","܂","܂܂Ƃ","˂","","哇Sa","v",0,0,0,0,0,0
46523,"89431","8943106","܂","܂܂Ƃ","","","哇Sa","I",0,0,0,0,0,0
46523,"89431","8943104","܂","܂܂Ƃ","񂪂","","哇Sa","v",0,0,0,0,0,0
46523,"89431","8943101","܂","܂܂Ƃ","ɂȂ","","哇Sa","",0,0,0,0,0,0
46523,"89432","8943213","܂","܂܂Ƃ","ǂ","","哇Sa","uˊ",0,0,0,0,0,0
46523,"89431","8943103","܂","܂܂Ƃ","Ȃ","","哇Sa","Öv",0,0,0,0,0,0
46523,"89432","8943211","܂","܂܂Ƃ","Ƃ","","哇Sa","ˉ~",0,0,0,0,0,0
46523,"89432","8943212","܂","܂܂Ƃ","Ȃ","","哇Sa","",0,0,0,0,0,0
46523,"89431","8943105","܂","܂܂Ƃ","܂Ƃ͂","","哇Sa","al",0,0,0,0,0,0
46523,"89431","8943102","܂","܂܂Ƃ","񂪂","","哇Sa","p",0,0,0,0,0,0
46524,"89433","8943300","܂","܂񂤂񂻂","ɂȂ΂","","哇SF","ȉɌfڂȂꍇ",0,0,0,0,0,0
46524,"89433","8943302","܂","܂񂤂񂻂","","","哇SF","",0,0,0,0,0,0
46524,"89436","8943632","܂","܂񂤂񂻂","ނ","","哇SF","",0,0,0,0,0,0
46524,"89434","8943413","܂","܂񂤂񂻂","","","哇SF","",0,0,0,0,0,0
46524,"89433","8943305","܂","܂񂤂񂻂","","","哇SF","Η",0,0,0,0,0,0
46524,"89434","8943411","܂","܂񂤂񂻂","","","哇SF","F",0,0,0,0,0,0
46524,"89434","8943412","܂","܂񂤂񂻂","","","哇SF","vu",0,0,0,0,0,0
46524,"89435","8943522","܂","܂񂤂񂻂","˂","","哇SF","O",0,0,0,0,0,0
46524,"89433","8943304","܂","܂񂤂񂻂","","","哇SF","{",0,0,0,0,0,0
46524,"89433","8943303","܂","܂񂤂񂻂","","","哇SF","c",0,0,0,0,0,0
46524,"89435","8943521","܂","܂񂤂񂻂","Ȃ","","哇SF","",0,0,0,0,0,0
46524,"89435","8943523","܂","܂񂤂񂻂","Ԃ","","哇SF","A",0,0,0,0,0,0
46524,"89436","8943631","܂","܂񂤂񂻂","ւ","","哇SF","c",0,0,0,0,0,0
46524,"89436","8943633","܂","܂񂤂񂻂","ǂ","","哇SF","",0,0,0,0,0,0
46524,"89433","8943301","܂","܂񂤂񂻂","","","哇SF","p",0,0,0,0,0,0
46525,"89415","8941500","܂","܂񂹂Ƃ傤","ɂȂ΂","","哇S˓","ȉɌfڂȂꍇ",0,0,0,0,0,0
46525,"89422","8942234","܂","܂񂹂Ƃ傤","Ƃ","","哇S˓","H",0,0,0,0,0,0
46525,"89415","8941511","܂","܂񂹂Ƃ傤","","","哇S˓","ؖ",0,0,0,0,0,0
46525,"89424","8942411","܂","܂񂹂Ƃ傤","","","哇S˓","n",0,0,0,0,0,0
46525,"89417","8941744","܂","܂񂹂Ƃ傤","Ă","","哇S˓","S",0,0,0,0,0,0
46525,"89415","8941513","܂","܂񂹂Ƃ傤","݂̂","","哇S˓","Ԗq",0,0,0,0,0,0
46525,"89417","8941742","܂","܂񂹂Ƃ傤","ނ낪","","哇S˓","",0,0,0,0,0,0
46525,"89425","8942501","܂","܂񂹂Ƃ傤","","","哇S˓","rn",0,0,0,0,0,0
46525,"89421","8942142","܂","܂񂹂Ƃ傤","","","哇S˓","",0,0,0,0,0,0
46525,"89422","8942236","܂","܂񂹂Ƃ傤","","","哇S˓","Ɏq",0,0,0,0,0,0
46525,"89415","8941524","܂","܂񂹂Ƃ傤","","","哇S˓","ɐ{",0,0,0,0,0,0
46525,"89425","8942502","܂","܂񂹂Ƃ傤","ނ","","哇S˓","",0,0,0,0,0,0
46525,"89422","8942235","܂","܂񂹂Ƃ傤","","","哇S˓","",0,0,0,0,0,0
46525,"89422","8942231","܂","܂񂹂Ƃ傤","","","哇S˓","p",0,0,0,0,0,0
46525,"89415","8941512","܂","܂񂹂Ƃ傤","","","哇S˓","Y",0,0,0,0,0,0
46525,"89422","8942232","܂","܂񂹂Ƃ傤","䂫","","哇S˓","\",0,0,0,0,0,0
46525,"89415","8941522","܂","܂񂹂Ƃ傤","Ă","","哇S˓","ÓS",0,0,0,0,0,0
46525,"89415","8941515","܂","܂񂹂Ƃ傤","Ƃ","","哇S˓","Ó",0,0,0,0,0,0
46525,"89424","8942413","܂","܂񂹂Ƃ傤","ɂイ","","哇S˓","Ó",0,0,0,0,0,0
46525,"89424","8942417","܂","܂񂹂Ƃ傤","","","哇S˓","؎",0,0,0,0,0,0
46525,"89418","8941851","܂","܂񂹂Ƃ傤","","","哇S˓","v",0,0,0,0,0,0
46525,"89418","8941854","܂","܂񂹂Ƃ傤","ǂ","","哇S˓","Ǔ",0,0,0,0,0,0
46525,"89417","8941746","܂","܂񂹂Ƃ傤","˂","","哇S˓","v",0,0,0,0,0,0
46525,"89418","8941853","܂","܂񂹂Ƃ傤","Ă","","哇S˓","ԓV",0,0,0,0,0,0
46525,"89422","8942237","܂","܂񂹂Ƃ傤","ǂ","","哇S˓","ԕx",0,0,0,0,0,0
46525,"89418","8941852","܂","܂񂹂Ƃ傤","","","哇S˓","Îu",0,0,0,0,0,0
46525,"89417","8941743","܂","܂񂹂Ƃ傤","Ȃ","","哇S˓","",0,0,0,0,0,0
46525,"89415","8941508","܂","܂񂹂Ƃ傤","ɂ","","哇S˓","Ðm",0,0,0,0,0,0
46525,"89415","8941503","܂","܂񂹂Ƃ傤","ɂ(݂Ȃ)","","哇S˓","Ðmi喩j",1,0,0,0,0,0
46525,"89415","8941504","܂","܂񂹂Ƃ傤","ɂ()","","哇S˓","Ðmitj",1,0,0,0,0,0
46525,"89415","8941507","܂","܂񂹂Ƃ傤","ɂ()","","哇S˓","Ðmivj",1,0,0,0,0,0
46525,"89415","8941501","܂","܂񂹂Ƃ傤","ɂ()","","哇S˓","Ðmiuj",1,0,0,0,0,0
46525,"89415","8941506","܂","܂񂹂Ƃ傤","ɂ(ӂȂ)","","哇S˓","ÐmiDÁj",1,0,0,0,0,0
46525,"89415","8941505","܂","܂񂹂Ƃ傤","ɂ(܂)","","哇S˓","Ðmi]j",1,0,0,0,0,0
46525,"89415","8941502","܂","܂񂹂Ƃ傤","ɂ(݂܂)","","哇S˓","Ðmi{Oj",1,0,0,0,0,0
46525,"89424","8942402","܂","܂񂹂Ƃ傤","","","哇S˓","F",0,0,0,0,0,0
46525,"89424","8942403","܂","܂񂹂Ƃ傤","˂","","哇S˓","v",0,0,0,0,0,0
46525,"89417","8941741","܂","܂񂹂Ƃ傤","̂","","哇S˓","",0,0,0,0,0,0
46525,"89424","8942404","܂","܂񂹂Ƃ傤","","","哇S˓","",0,0,0,0,0,0
46525,"89421","8942144","܂","܂񂹂Ƃ傤","傩","","哇S˓","",0,0,0,0,0,0
46525,"89421","8942141","܂","܂񂹂Ƃ傤","ǂ","","哇S˓","",0,0,0,0,0,0
46525,"89424","8942412","܂","܂񂹂Ƃ傤","","","哇S˓","{q",0,0,0,0,0,0
46525,"89415","8941521","܂","܂񂹂Ƃ傤","","","哇S˓","",0,0,0,0,0,0
46525,"89423","8942322","܂","܂񂹂Ƃ傤","","","哇S˓","",0,0,0,0,0,0
46525,"89424","8942401","܂","܂񂹂Ƃ傤","","","哇S˓","",0,0,0,0,0,0
46525,"89415","8941514","܂","܂񂹂Ƃ傤","","","哇S˓","ߎq",0,0,0,0,0,0
46525,"89415","8941523","܂","܂񂹂Ƃ傤","","","哇S˓","h",0,0,0,0,0,0
46525,"89424","8942416","܂","܂񂹂Ƃ傤","","","哇S˓","",0,0,0,0,0,0
46525,"89424","8942415","܂","܂񂹂Ƃ傤","̂","","哇S˓","mVY",0,0,0,0,0,0
46525,"89415","8941531","܂","܂񂹂Ƃ傤","Ă","","哇S˓","",0,0,0,0,0,0
46525,"89421","8942143","܂","܂񂹂Ƃ傤","ǂ","","哇S˓","nA",0,0,0,0,0,0
46525,"89423","8942321","܂","܂񂹂Ƃ傤","ɂނ","","哇S˓","",0,0,0,0,0,0
46525,"89418","8941855","܂","܂񂹂Ƃ傤","ɂ","","哇S˓","Ì",0,0,0,0,0,0
46525,"89422","8942233","܂","܂񂹂Ƃ傤","݂̂","","哇S˓","쌩R",0,0,0,0,0,0
46525,"89423","8942323","܂","܂񂹂Ƃ傤","Ђ傤","","哇S˓","U",0,0,0,0,0,0
46525,"89424","8942414","܂","܂񂹂Ƃ傤","݂","","哇S˓","OY",0,0,0,0,0,0
46525,"89417","8941745","܂","܂񂹂Ƃ傤","䂢","","哇S˓","",0,0,0,0,0,0
46525,"89426","8942601","܂","܂񂹂Ƃ傤","","","哇S˓","^H",0,0,0,0,0,0
46527,"89401","8940100","܂","܂񂽂傤","ɂȂ΂","","哇S","ȉɌfڂȂꍇ",0,0,0,0,0,0
46527,"89404","8940411","܂","܂񂽂傤","","","哇S","Ԕ",0,0,0,0,0,0
46527,"89403","8940333","܂","܂񂽂傤","","","哇S","H",0,0,0,0,0,0
46527,"89404","8940412","܂","܂񂽂傤","Ƃ","","哇S","",0,0,0,0,0,0
46527,"89403","8940323","܂","܂񂽂傤","񂫂","","哇S","؉",0,0,0,0,0,0
46527,"89403","8940332","܂","܂񂽂傤","","","哇S","",0,0,0,0,0,0
46527,"89401","8940104","܂","܂񂽂傤","","","哇S","Y",0,0,0,0,0,0
46527,"89403","8940324","܂","܂񂽂傤","","","哇S","~",0,0,0,0,0,0
46527,"89401","8940105","܂","܂񂽂傤","","","哇S","叟",0,0,0,0,0,0
46527,"89403","8940331","܂","܂񂽂傤","","","哇S","Ón",0,0,0,0,0,0
46527,"89403","8940322","܂","܂񂽂傤","","","哇S","v",0,0,0,0,0,0
46527,"89401","8940102","܂","܂񂽂傤","ǂ","","哇S","",0,0,0,0,0,0
46527,"89403","8940321","܂","܂񂽂傤","","","哇S","",0,0,0,0,0,0
46527,"89401","8940103","܂","܂񂽂傤","܂","","哇S","ʗ",0,0,0,0,0,0
46527,"89401","8940107","܂","܂񂽂傤","Ƃ","","哇S","ˌ",0,0,0,0,0,0
46527,"89401","8940106","܂","܂񂽂傤","Ȃ","","哇S","",0,0,0,0,0,0
46527,"89401","8940101","܂","܂񂽂傤","ɂイ","","哇S","",0,0,0,0,0,0
46529,"89162","8916200","܂","܂񂫂傤","ɂȂ΂","","哇SE","ȉɌfڂȂꍇ",0,0,0,0,0,0
46529,"89162","8916201","܂","܂񂫂傤","","","哇SE","ԘA",0,0,0,0,0,0
46529,"89161","8916162","܂","܂񂫂傤","ł","","哇SE","`",0,0,0,0,0,0
46529,"89162","8916231","܂","܂񂫂傤","炫","","哇SE","r",0,0,0,0,0,0
46529,"89162","8916221","܂","܂񂫂傤","","","哇SE","r",0,0,0,0,0,0
46529,"89162","8916217","܂","܂񂫂傤","","","哇SE","ɍ",0,0,0,0,0,0
46529,"89161","8916141","܂","܂񂫂傤","˂","","哇SE","Ɏv",0,0,0,0,0,0
46529,"89162","8916228","܂","܂񂫂傤","͂","","哇SE","Y",0,0,0,0,0,0
46529,"89162","8916213","܂","܂񂫂傤","","","哇SE","咩",0,0,0,0,0,0
46529,"89161","8916142","܂","܂񂫂傤","̂","","哇SE","",0,0,0,0,0,0
46529,"89161","8916161","܂","܂񂫂傤","ǂ","","哇SE","Ó",0,0,0,0,0,0
46529,"89162","8916233","܂","܂񂫂傤","݂Ă","","哇SE","ÓS",0,0,0,0,0,0
46529,"89162","8916227","܂","܂񂫂傤","݂","","哇SE","",0,0,0,0,0,0
46529,"89162","8916224","܂","܂񂫂傤","","","哇SE","v",0,0,0,0,0,0
46529,"89161","8916164","܂","܂񂫂傤","炶","","哇SE","ԗǎ",1,0,0,0,0,0
46529,"89161","8916163","܂","܂񂫂傤","炶()","","哇SE","ԗǎij",1,0,0,0,0,0
46529,"89162","8916216","܂","܂񂫂傤","݂","","哇SE","",0,0,0,0,0,0
46529,"89162","8916229","܂","܂񂫂傤","","","哇SE","R",0,0,0,0,0,0
46529,"89161","8916144","܂","܂񂫂傤","ł","","哇SE","v",0,0,0,0,0,0
46529,"89161","8916151","܂","܂񂫂傤","݂","","哇SE","",0,0,0,0,0,0
46529,"89161","8916143","܂","܂񂫂傤","Ƃ","","哇SE","uˉ",0,0,0,0,0,0
46529,"89162","8916222","܂","܂񂫂傤","܂Ȃ","","哇SE","",0,0,0,0,0,0
46529,"89161","8916154","܂","܂񂫂傤","݂","","哇SE","",0,0,0,0,0,0
46529,"89161","8916152","܂","܂񂫂傤","܂","","哇SE","",0,0,0,0,0,0
46529,"89162","8916223","܂","܂񂫂傤","","","哇SE","",0,0,0,0,0,0
46529,"89162","8916232","܂","܂񂫂傤","ĂÂ","","哇SE","vËv",0,0,0,0,0,0
46529,"89162","8916215","܂","܂񂫂傤","Ȃ","","哇SE","F",1,0,0,0,0,0
46529,"89162","8916212","܂","܂񂫂傤","Ȃ(Ȃ)","","哇SE","Fij",1,0,0,0,0,0
46529,"89162","8916203","܂","܂񂫂傤","Ȃ","","哇SE","",0,0,0,0,0,0
46529,"89162","8916211","܂","܂񂫂傤","Ȃ","","哇SE","",0,0,0,0,0,0
46529,"89161","8916153","܂","܂񂫂傤","Ȃ݂","","哇SE","",0,0,0,0,0,0
46529,"89162","8916214","܂","܂񂫂傤","ɂ","","哇SE","",0,0,0,0,0,0
46529,"89162","8916226","܂","܂񂫂傤","͂","","哇SE","H",0,0,0,0,0,0
46529,"89162","8916225","܂","܂񂫂傤","܂","","哇SE","Rc",0,0,0,0,0,0
46529,"89162","8916202","܂","܂񂫂傤","","","哇SE","p",0,0,0,0,0,0
46530,"89171","8917100","܂","܂Ƃ̂܂傤","ɂȂ΂","","哇SV","ȉɌfڂȂꍇ",0,0,0,0,0,0
46530,"89171","8917116","܂","܂Ƃ̂܂傤","Ђ","","哇SV","u",0,0,0,0,0,0
46530,"89171","8917114","܂","܂Ƃ̂܂傤","̂","","哇SV","V",0,0,0,0,0,0
46530,"89171","8917104","܂","܂Ƃ̂܂傤","","","哇SV","",0,0,0,0,0,0
46530,"89174","8917422","܂","܂Ƃ̂܂傤","Ȃ","","哇SV","",0,0,0,0,0,0
46530,"89171","8917113","܂","܂Ƃ̂܂傤","݂݂̂","","哇SV","_V",0,0,0,0,0,0
46530,"89171","8917101","܂","܂Ƃ̂܂傤","߂","","哇SV","T",0,0,0,0,0,0
46530,"89171","8917102","܂","܂Ƃ̂܂傤","߂Ƃ","","哇SV","T",0,0,0,0,0,0
46530,"89174","8917425","܂","܂Ƃ̂܂傤","ǂ","","哇SV","ԓ",0,0,0,0,0,0
46530,"89174","8917423","܂","܂Ƃ̂܂傤","","","哇SV","R",0,0,0,0,0,0
46530,"89171","8917115","܂","܂Ƃ̂܂傤","","","哇SV","vu",0,0,0,0,0,0
46530,"89171","8917112","܂","܂Ƃ̂܂傤","傾","","哇SV","c",0,0,0,0,0,0
46530,"89171","8917105","܂","܂Ƃ̂܂傤","炢","","哇SV","",0,0,0,0,0,0
46530,"89174","8917421","܂","܂Ƃ̂܂傤","Ă","","哇SV","X",0,0,0,0,0,0
46530,"89171","8917111","܂","܂Ƃ̂܂傤","Ƃ킹","","哇SV","a",0,0,0,0,0,0
46530,"89174","8917424","܂","܂Ƃ̂܂傤","Ƃǂ낫","","哇SV","",0,0,0,0,0,0
46530,"89174","8917426","܂","܂Ƃ̂܂傤","ڂ","","哇SV","",0,0,0,0,0,0
46530,"89171","8917103","܂","܂Ƃ̂܂傤","݂Ȃ݂͂","","哇SV","쌴",0,0,0,0,0,0
46531,"89176","8917600","܂","܂񂠂܂傤","ɂȂ΂","","哇SV钬","ȉɌfڂȂꍇ",0,0,0,0,0,0
46531,"89176","8917605","܂","܂񂠂܂傤","","","哇SV钬","",0,0,0,0,0,0
46531,"89176","8917611","܂","܂񂠂܂傤","܂","","哇SV钬","V",0,0,0,0,0,0
46531,"89176","8917622","܂","܂񂠂܂傤","","","哇SV钬","Ð",0,0,0,0,0,0
46531,"89176","8917603","܂","܂񂠂܂傤","","","哇SV钬","O",0,0,0,0,0,0
46531,"89176","8917621","܂","܂񂠂܂傤","˂","","哇SV钬","v",0,0,0,0,0,0
46531,"89176","8917623","܂","܂񂠂܂傤","","","哇SV钬","",0,0,0,0,0,0
46531,"89176","8917624","܂","܂񂠂܂傤","Ƃ","","哇SV钬","",0,0,0,0,0,0
46531,"89177","8917731","܂","܂񂠂܂傤","ɂ","","哇SV钬","ؖ",0,0,0,0,0,0
46531,"89176","8917612","܂","܂񂠂܂傤","ւƂ","","哇SV钬","y",0,0,0,0,0,0
46531,"89176","8917604","܂","܂񂠂܂傤","܂","","哇SV钬","O",0,0,0,0,0,0
46531,"89176","8917602","܂","܂񂠂܂傤","܂΂","","哇SV钬","",0,0,0,0,0,0
46531,"89176","8917601","܂","܂񂠂܂傤","Ȃ","","哇SV钬","^",0,0,0,0,0,0
46532,"89182","8918300","܂","܂񂢂񂿂傤","ɂȂ΂","","哇Sɐ咬","ȉɌfڂȂꍇ",0,0,0,0,0,0
46532,"89183","8918322","܂","܂񂢂񂿂傤","","","哇Sɐ咬","",0,0,0,0,0,0
46532,"89182","8918221","܂","܂񂢂񂿂傤","(7991-867΂)","","哇Sɐ咬","OiVXX̂P`WUVԒnj",1,0,0,0,0,0
46532,"89183","8918321","܂","܂񂢂񂿂傤","(̂)","","哇Sɐ咬","Oȋj",1,0,0,0,0,0
46532,"89182","8918201","܂","܂񂢂񂿂傤","","","哇Sɐ咬","ɐ",0,0,0,0,0,0
46532,"89183","8918324","܂","܂񂢂񂿂傤","Ƃ","","哇Sɐ咬","ؖ",0,0,0,0,0,0
46532,"89183","8918327","܂","܂񂢂񂿂傤","ʂ","","哇Sɐ咬","cz",0,0,0,0,0,0
46532,"89181","8918114","܂","܂񂢂񂿂傤","Ȃ","","哇Sɐ咬","ʓ",0,0,0,0,0,0
46532,"89181","8918111","܂","܂񂢂񂿂傤","˂","","哇Sɐ咬","O",0,0,0,0,0,0
46532,"89183","8918323","܂","܂񂢂񂿂傤","̂","","哇Sɐ咬","ؔV",0,0,0,0,0,0
46532,"89182","8918216","܂","܂񂢂񂿂傤","Ԃ(416-516΂)","","哇Sɐ咬","iSPU`TPUԒnj",1,0,0,0,0,0
46532,"89181","8918116","܂","܂񂢂񂿂傤","Ԃ(̂)","","哇Sɐ咬","ȋj",1,0,0,0,0,0
46532,"89183","8918329","܂","܂񂢂񂿂傤","","","哇Sɐ咬","",0,0,0,0,0,0
46532,"89183","8918328","܂","܂񂢂񂿂傤","΂","","哇Sɐ咬","茴",0,0,0,0,0,0
46532,"89181","8918112","܂","܂񂢂񂿂傤","ׂ","","哇Sɐ咬","",0,0,0,0,0,0
46532,"89181","8918117","܂","܂񂢂񂿂傤","Ȃ","","哇Sɐ咬","R",0,0,0,0,0,0
46532,"89183","8918326","܂","܂񂢂񂿂傤","΂","","哇Sɐ咬","n",0,0,0,0,0,0
46532,"89181","8918115","܂","܂񂢂񂿂傤","ӂ邳","","哇Sɐ咬","×",0,0,0,0,0,0
46532,"89181","8918113","܂","܂񂢂񂿂傤","߂Ă","","哇Sɐ咬","ڎv",0,0,0,0,0,0
46532,"89183","8918325","܂","܂񂢂񂿂傤","₦","","哇Sɐ咬","d",0,0,0,0,0,0
46533,"89191","8919100","܂","܂ǂ܂肿傤","ɂȂ΂","","哇Sa","ȉɌfڂȂꍇ",0,0,0,0,0,0
46533,"89191","8919114","܂","܂ǂ܂肿傤","","","哇Sa","lz",0,0,0,0,0,0
46533,"89191","8919115","܂","܂ǂ܂肿傤","̂","","哇Sa","ɉ",0,0,0,0,0,0
46533,"89191","8919116","܂","܂ǂ܂肿傤","ĂĂ","","哇Sa","Xm",0,0,0,0,0,0
46533,"89191","8919131","܂","܂ǂ܂肿傤","","","哇Sa","",0,0,0,0,0,0
46533,"89191","8919125","܂","܂ǂ܂肿傤","","","哇Sa","",0,0,0,0,0,0
46533,"89191","8919102","܂","܂ǂ܂肿傤","т","","哇Sa","",0,0,0,0,0,0
46533,"89191","8919101","܂","܂ǂ܂肿傤","ɂ","","哇Sa","",0,0,0,0,0,0
46533,"89191","8919132","܂","܂ǂ܂肿傤","","","哇Sa","㗖",0,0,0,0,0,0
46533,"89191","8919136","܂","܂ǂ܂肿傤","","","哇Sa","",0,0,0,0,0,0
46533,"89191","8919133","܂","܂ǂ܂肿傤","ɂ","","哇Sa","JR",0,0,0,0,0,0
46533,"89191","8919122","܂","܂ǂ܂肿傤","܂","","哇Sa","ʏ",0,0,0,0,0,0
46533,"89191","8919103","܂","܂ǂ܂肿傤","ł","","哇Sa","o",0,0,0,0,0,0
46533,"89191","8919111","܂","܂ǂ܂肿傤","Ăł","","哇Sa","Xm",0,0,0,0,0,0
46533,"89191","8919135","܂","܂ǂ܂肿傤","Ȃ݂","","哇Sa","i",0,0,0,0,0,0
46533,"89191","8919134","܂","܂ǂ܂肿傤","ɂ","","哇Sa","mu",0,0,0,0,0,0
46533,"89191","8919104","܂","܂ǂ܂肿傤","ɂ΂","","哇Sa","",0,0,0,0,0,0
46533,"89191","8919121","܂","܂ǂ܂肿傤","˂","","哇Sa","",0,0,0,0,0,0
46533,"89191","8919124","܂","܂ǂ܂肿傤","ӂ邳","","哇Sa","×",0,0,0,0,0,0
46533,"89191","8919123","܂","܂ǂ܂肿傤","݂Ȃ","","哇Sa","F",0,0,0,0,0,0
46533,"89191","8919113","܂","܂ǂ܂肿傤","","","哇Sa","a",0,0,0,0,0,0
46533,"89191","8919112","܂","܂ǂ܂肿傤","ǂ܂","","哇Sa","a",0,0,0,0,0,0
46534,"89192","8919200","܂","܂񂿂Ȃ傤","ɂȂ΂","","哇Sm","ȉɌfڂȂꍇ",0,0,0,0,0,0
46534,"89192","8919206","܂","܂񂿂Ȃ傤","݂","","哇Sm","ԗ",0,0,0,0,0,0
46534,"89192","8919211","܂","܂񂿂Ȃ傤","悤","","哇Sm","",0,0,0,0,0,0
46534,"89192","8919201","܂","܂񂿂Ȃ傤","܂","","哇Sm","]",0,0,0,0,0,0
46534,"89192","8919221","܂","܂񂿂Ȃ傤","","","哇Sm","Ê",0,0,0,0,0,0
46534,"89192","8919234","܂","܂񂿂Ȃ傤","݂","","哇Sm","",0,0,0,0,0,0
46534,"89192","8919204","܂","܂񂿂Ȃ傤","݂Ђ炩","","哇Sm","㕽",0,0,0,0,0,0
46534,"89192","8919205","܂","܂񂿂Ȃ傤","","","哇Sm","vu",0,0,0,0,0,0
46534,"89192","8919212","܂","܂񂿂Ȃ傤","ʂ","","哇Sm","",0,0,0,0,0,0
46534,"89192","8919207","܂","܂񂿂Ȃ傤","","","哇Sm","ƒ",0,0,0,0,0,0
46534,"89192","8919233","܂","܂񂿂Ȃ傤","","","哇Sm","",0,0,0,0,0,0
46534,"89192","8919203","܂","܂񂿂Ȃ傤","Ђ炩","","哇Sm","",0,0,0,0,0,0
46534,"89192","8919232","܂","܂񂿂Ȃ傤","񂶂傤","","哇Sm","V",0,0,0,0,0,0
46534,"89192","8919223","܂","܂񂿂Ȃ傤","݂悵","","哇Sm","Zg",0,0,0,0,0,0
46534,"89192","8919213","܂","܂񂿂Ȃ傤","肩","","哇Sm","o",0,0,0,0,0,0
46534,"89192","8919231","܂","܂񂿂Ȃ傤","݂","","哇Sm","cF",0,0,0,0,0,0
46534,"89192","8919214","܂","܂񂿂Ȃ傤","","","哇Sm","m",0,0,0,0,0,0
46534,"89192","8919222","܂","܂񂿂Ȃ傤","Ƃǂ","","哇Sm","",0,0,0,0,0,0
46534,"89192","8919224","܂","܂񂿂Ȃ傤","܂","","哇Sm","",0,0,0,0,0,0
46534,"89192","8919215","܂","܂񂿂Ȃ傤","₱","","哇Sm","q",0,0,0,0,0,0
46534,"89192","8919202","܂","܂񂿂Ȃ傤","₶","","哇Sm","",0,0,0,0,0,0
46535,"89193","8919300","܂","܂񂿂傤","ɂȂ΂","","哇S^_","ȉɌfڂȂꍇ",0,0,0,0,0,0
46535,"89193","8919304","܂","܂񂿂傤","","","哇S^_","",0,0,0,0,0,0
46535,"89193","8919309","܂","܂񂿂傤","̂","","哇S^_","",0,0,0,0,0,0
46535,"89193","8919303","܂","܂񂿂傤","","","哇S^_","",0,0,0,0,0,0
46535,"89193","8919301","܂","܂񂿂傤","΂","","哇S^_","",0,0,0,0,0,0
46535,"89193","8919308","܂","܂񂿂傤","Ȃ","","哇S^_","ߊ",0,0,0,0,0,0
46535,"89193","8919305","܂","܂񂿂傤","ɂ","","哇S^_","",0,0,0,0,0,0
46535,"89193","8919306","܂","܂񂿂傤","Ђ","","哇S^_","",0,0,0,0,0,0
46535,"89193","8919307","܂","܂񂿂傤","ӂ邳","","哇S^_","×",0,0,0,0,0,0
46535,"89193","8919302","܂","܂񂿂傤","傤","","哇S^_","",0,0,0,0,0,0
